post_id,name,brand,slug,detail_url,image_filename,button_latency_cable_ms,button_latency_dongle_ms,button_latency_bluetooth_ms,stick_latency_cable_ms,stick_latency_dongle_ms,stick_latency_bluetooth_ms,latscore_wired,latscore_wireless,min_latency_ms,avg_latency_ms,max_latency_ms,jitter_ms,platforms,interfaces,price,date_published,tags,image_downloaded
255,Leadjoy Xeno pro,Leadjoy,leadjoy-xeno-pro,https://gamepadla.com/leadjoy-xeno-pro.html,255_leadjoy-xeno-pro.webp,2.44,6.01,8.05,2.26,6.79,8.08,A+,A,1.43,5.605,13.33,2.46,Android;iOS;Switch,Cable;Dongle;Bluetooth,$ 69.99,2026-09-14T13:12:15+03:00,android;ios;switch;tmr,yes
274,Machenike F1 Black,Machenike,machenike-f1-black,https://gamepadla.com/machenike-f1-black.html,274_machenike-f1-black.webp,1.23,1.79,,2.19,3.22,,A+,A+,1.07,2.1075,4.17,0.32,Windows,Cable;Dongle,,2026-09-18T07:58:32+03:00,windows,yes
271,Ultimate 3E For Xbox,8BitDo,ultimate-3e-for-xbox,https://gamepadla.com/ultimate-3e-for-xbox.html,271_ultimate-3e-for-xbox.webp,2.73,4.57,16.62,1.99,3.34,15.61,A+,A+,1.18,7.476666666666667,26.17,2.98,Windows;Xbox One;Xbox S/X,Cable;Dongle;Bluetooth,$ 150.00,2026-09-12T06:57:07+03:00,windows;xbox_one;xbox_series,yes
272,Mobapad C2 Lite,Mobapad,mobapad-c2-lite,https://gamepadla.com/mobapad-c2-lite.html,272_mobapad-c2-lite.webp,7.03,,8.58,21.38,,29.75,C,D,2.75,16.4675,65.04,9.8,,Cable;Bluetooth,,,,yes
270,Beitong Kunpeng 70 6D,Beitong,beitong-kunpeng-70-6d,https://gamepadla.com/beitong-kunpeng-70-6d.html,270_beitong-kunpeng-70-6d.webp,1.27,4.18,16.3,1.61,3.72,12.97,A+,A+,0.97,6.675000000000001,34.39,5.39,,Cable;Dongle;Bluetooth,,,,yes
269,Fantech Zenith Pro,Fantech,fantech-zenith-pro-wgp18,https://gamepadla.com/fantech-zenith-pro-wgp18.html,269_fantech-zenith-pro-wgp18.webp,6.48,13.25,,8.41,32.29,,A,D,4.16,15.1075,36.41,3.71,Linux;Switch;Windows,Cable;Dongle,$ 39.80,,hall;linux;switch;windows,yes
268,GameSir Stargazer,GameSir,gamesir-stargazer,https://gamepadla.com/gamesir-stargazer.html,268_gamesir-stargazer.webp,2.14,5.7,15.14,2.34,5.97,15.74,A+,A,1.3,7.838333333333334,51.45,8.59,,Cable;Dongle;Bluetooth,,2026-09-12T23:48:17+03:00,,yes
267,ROG Raikiri II Pro PC,Asus,raikiri-ii-pro-pc,https://gamepadla.com/raikiri-ii-pro-pc.html,267_raikiri-ii-pro-pc.webp,0.92,1.09,,0.89,1.7,,A+,A+,0.64,1.15,2.3,0.3,iOS;Windows,Cable;Dongle,$ 210.00,2026-08-15T13:59:40+03:00,display;ios;tmr;verified;windows,yes
242,Gulikit ES Max,Gulikit,gulikit-es-max,https://gamepadla.com/gulikit-es-max.html,242_gulikit-es-max.webp,1.88,5.26,4.19,2.75,5.74,5.02,A+,A,0.74,4.032380952380953,25.13,3.97,Android;iOS;Linux;Switch;Windows,Cable;Dongle;Bluetooth,$ 49.99,2026-08-18T15:33:45+03:00,android;ios;linux;macos;switch;tmr;verified;windows,yes
257,EasySMX Dune 8K,EasySMX,easysmx-dune-8k,https://gamepadla.com/easysmx-dune-8k.html,257_easysmx-dune-8k.webp,1.52,2.18,26.25,5.93,8.22,31.57,A+,A,1.18,12.611666666666666,53.16,5.98,Windows,Cable;Dongle;Bluetooth,$ 99.90,,windows,yes
207,Void PS4 FireBird,Void,void-ps4-firebird,https://gamepadla.com/void-ps4-firebird.html,207_void-ps4-firebird.webp,1.97,,,3.06,,,A+,,1.41,2.9416666666666664,6.37,1.12,Windows,Cable,$ 69.99,2025-11-06T17:52:43+02:00,symmetric;verified;windows,yes
219,Void GENESIS,Void,void-genesis,https://gamepadla.com/void-genesis.html,219_void-genesis.webp,1.01,2.14,,0.5,1.7,,A+,A+,0.3,1.2716666666666667,2.66,0.2,Android;iOS;Linux;Windows,Cable;Dongle,$ 189.99,2026-01-14T15:08:55+02:00,android;ios;linux;macos;symmetric;tmr;verified;windows,yes
244,GameSir Tarantula 8K,GameSir,gamesir-tarantula-8k,https://gamepadla.com/gamesir-tarantula-8k.html,244_gamesir-tarantula-8k.webp,1.04,,,0.49,,,A+,,0.06,1.525,11.38,3.28,Windows,Cable,$ 69.99,2026-06-14T18:40:52+03:00,symmetric;tmr;verified;windows,yes
246,Leadjoy Saber Plus,Leadjoy,leadjoy-saber-plus,https://gamepadla.com/leadjoy-saber-plus.html,246_leadjoy-saber-plus.webp,2.59,5.11,10.06,2.96,6.42,10.05,A+,A,1.42,13.288333333333334,107.52,19.96,Switch;Windows,Cable;Dongle;Bluetooth,$ 59.99,2026-07-25T13:52:34+03:00,switch;symmetric;tmr;verified;windows,yes
245,FireBird v2.4a,FireBird,firebird-v2-4a,https://gamepadla.com/firebird-v2-4a.html,245_firebird-v2-4a.webp,2.36,,,1.75,,,A+,,0.89,1.96875,2.87,0.33,,Cable,$ 129.90,,,yes
185,ZD Ultimate Legend,ZD,zd-ultimate-legend,https://gamepadla.com/zd-ultimate-legend.html,185_zd-ultimate-legend.webp,2.43,11.22,11.0,1.44,9.64,21.98,A+,B,0.41,7.7317857142857145,33.16,6.78,Android;iOS;Linux;Switch;Windows,Cable;Dongle;Bluetooth,"$ 98.99 , find on: Aliexpress , Amazon",2025-10-23T15:00:27+03:00,android;ios;linux;macos;switch;tmr;verified;windows,yes
90,BigBig Won Blitz 2 (TMR),Mojhon,bigbigwon-blitz-2-tmr,https://gamepadla.com/bigbigwon-blitz-2-tmr.html,90_bigbigwon-blitz-2-tmr.webp,5.23,6.88,14.97,2.68,4.35,16.63,A+,A,0.42,7.52909090909091,24.79,3.91,Android;iOS;Linux;Switch;Windows,Cable;Dongle;Bluetooth,"$ 70.99 , find on: Aliexpress , Amazon",2025-10-19T02:59:52+03:00,android;ios;linux;macos;switch;tmr;verified;windows,yes
233,Steam Controller 2.0,Valve,steam-controller,https://gamepadla.com/steam-controller.html,233_steam-controller.webp,4.12,6.25,7.26,5.08,7.75,10.21,A,B,1.11,6.739333333333334,16.35,4.31,Linux;Windows,Cable;Dongle;Bluetooth,$ 99.00,2026-05-15T11:59:41+03:00,linux;macos;symmetric;tmr;verified;windows,yes
243,Scuf Omega,Scuf,scuf-omega,https://gamepadla.com/scuf-omega.html,243_scuf-omega.webp,2.11,4.44,,3.73,4.74,,A+,A,1.17,3.755,6.05,0.7,Android;iOS;Playstation 5;Windows,Cable;Dongle,$ 219.99,2026-06-02T08:07:58+03:00,android;ios;ps5;symmetric;tmr;verified;windows,yes
241,ZD Gaming Super Legend Excellence 8K,ZD,zd-gaming-super-legend-excellence-8k,https://gamepadla.com/zd-gaming-super-legend-excellence-8k.html,241_zd-gaming-super-legend-excellence-8k.webp,2.53,8.04,7.29,0.57,9.97,12.62,A+,B,0.06,8.198636363636364,36.03,4.5,iOS;Linux;Switch;Windows,Cable;Dongle;Bluetooth,$ 69.99,2026-05-31T22:51:04+03:00,ios;linux;switch;tmr;verified;windows,yes
165,Flydigi Apex 4 Black Myth Wukong,Flydigi,flydigi-apex-4-black-myth-wukong,https://gamepadla.com/flydigi-apex-4-black-myth-wukong.html,165_flydigi-apex-4-black-myth-wukong.webp,7.25,10.53,22.18,9.25,12.95,24.41,A,B,0.3,11.913181818181817,38.84,5.3,Android;iOS;Linux;Switch;Windows,Cable;Dongle;Bluetooth,"$ 145.99 , find on: Aliexpress",2025-12-19T11:06:15+02:00,android;display;hall;ios;linux;macos;switch;verified;windows,yes
216,GameSir G7 Pro 8K Aimlabs Edition,GameSir,gamesir-g7-pro-8k,https://gamepadla.com/gamesir-g7-pro-8k.html,216_gamesir-g7-pro-8k.webp,1.39,3.47,3.58,0.69,3.56,3.45,A+,A+,0.01,2.636764705882353,28.17,3.89,Android;iOS;Linux;Switch;Windows,Cable;Dongle;Bluetooth,"$ 89.99 , find on: Amazon",2026-02-12T12:09:12+02:00,android;ios;linux;macos;switch;tmr;verified;windows,yes
77,Astro C40 TR Wireless,Astro,astro-c40-tr,https://gamepadla.com/astro-c40-tr.html,77_astro-c40-tr.webp,3.28,14.91,,3.07,16.03,,A+,C,1.11,8.215,20.06,2.23,Linux;Playstation 4;Windows,Cable;Dongle,$ 129.99 Discontinued,2026-05-15T12:37:37+03:00,linux;macos;potentiometers;ps4;verified;windows,yes
236,CS1 Chroma,SMOS,cs1-chroma,https://gamepadla.com/cs1-chroma.html,236_cs1-chroma.webp,8.24,,14.14,6.94,,12.53,B,C,2.9,10.4625,27.36,4.73,,Cable;Bluetooth,$ 23.45,,,yes
237,Mojhon Storm,Mojhon,mojhon-storm,https://gamepadla.com/mojhon-storm.html,237_mojhon-storm.webp,5.18,7.96,15.61,2.19,6.44,17.72,A+,A,0.42,5.610555555555555,45.7,8.39,Switch;Windows,Cable;Dongle;Bluetooth,$ 63.64,2026-07-05T10:33:21+03:00,switch;tmr;verified;windows,yes
235,ZD Y-Wing Pro,ZD,zd-y-shadow-wing,https://gamepadla.com/zd-y-shadow-wing.html,235_zd-y-shadow-wing.webp,8.28,12.81,13.51,17.16,38.48,34.33,B,D,0.47,18.624166666666667,74.46,5.83,iOS;Linux;Switch;Windows,Cable;Dongle;Bluetooth,$ 29.90,2026-05-08T09:20:03+03:00,hall;ios;linux;macos;switch;verified;windows,yes
82,GameSir Tarantula Pro,Gamesir,gamesir-t3-pro,https://gamepadla.com/gamesir-t3-pro.html,82_gamesir-t3-pro.webp,7.83,31.73,19.18,12.72,29.9,25.41,B,D,0.4,17.325555555555557,50.3,5.23,Android;iOS;Linux;Switch;Windows,Cable;Dongle;Bluetooth,"Price range: $ 50.39 – $ 79.99 , find on: Amazon , Aliexpress",2026-01-26T04:22:30+02:00,android;ios;linux;macos;nfc;switch;symmetric;tmr;verified;windows,yes
164,GameSir Tegenaria Lite,GameSir,gamesir-tegenaria-lite,https://gamepadla.com/gamesir-tegenaria-lite.html,164_gamesir-tegenaria-lite.webp,2.82,,,1.92,,,A+,,0.63,2.7891666666666666,8.85,1.14,Android;iOS;Linux;Switch;Windows,Cable,"$ 19.99 , find on: Amazon , Aliexpress",2025-12-11T03:14:04+02:00,android;hall;ios;linux;macos;switch;symmetric;verified;windows,yes
231,Beitong Pangu,Beitong,beitong-pangu,https://gamepadla.com/beitong-pangu.html,231_beitong-pangu.webp,4.43,8.81,10.27,5.48,11.55,22.41,A,B,3.07,10.491666666666667,31.36,4.19,Android;iOS;Switch;Windows,Cable;Dongle;Bluetooth,"$ 119.79 , find on: Aliexpress",2026-07-23T04:06:34+03:00,android;ios;optional;switch;verified;windows,yes
161,Gamesir G7 Pro,Gamesir,gamesir-g7-pro,https://gamepadla.com/gamesir-g7-pro.html,161_gamesir-g7-pro.webp,2.43,5.69,5.37,2.7,14.96,5.82,A+,B,0.88,4.607777777777778,26.01,3.34,Android;Linux;Windows;Xbox One;Xbox S/X,Cable;Dongle;Bluetooth,"Price range: $ 79.99 – $ 99.99 , find on: Amazon , Aliexpress",2025-09-14T11:28:44+03:00,android;linux;tmr;verified;windows;xbox_one;xbox_series,yes
86,GameSir Cyclone 2,GameSir,gamesir-cyclone-2,https://gamepadla.com/gamesir-cyclone-2.html,86_gamesir-cyclone-2.webp,2.4,7.4,6.01,6.51,16.97,10.31,A,B,0.44,4.548846153846154,29.42,3.85,Android;iOS;Linux;Switch;Windows,Cable;Dongle;Bluetooth,"Price range: $ 39.99 – $ 55.99 , find on: Amazon , Aliexpress",2026-01-01T13:17:51+02:00,android;ios;linux;macos;switch;tmr;verified;windows,yes
153,HORIPAD for Steam Wireless,Hori,horipad-for-steam-wireless,https://gamepadla.com/horipad-for-steam-wireless.html,153_horipad-for-steam-wireless.webp,3.74,,14.02,3.36,,10.66,A+,B,1.32,6.064444444444444,32.44,4.28,Linux;Windows,Cable;Bluetooth,"$ 59.99 , find on: Amazon",2026-04-14T13:42:05+03:00,linux;potentiometers;verified;windows,yes
226,Beitong Kunpeng 40D,Beitong,beitong-kunpeng-40d,https://gamepadla.com/beitong-kunpeng-40d.html,226_beitong-kunpeng-40d.webp,2.45,5.68,13.76,2.68,9.53,11.87,A+,A,0.69,5.955882352941177,31.72,5.24,Android;iOS;Linux;Switch;Windows,Cable;Dongle;Bluetooth,$ 87.95,2026-04-14T19:58:48+03:00,android;ios;linux;macos;switch;tmr;verified;windows,yes
72,PowerA Battle Dragon,PowerA,powera-battle-dragon,https://gamepadla.com/powera-battle-dragon.html,72_powera-battle-dragon.webp,2.34,4.17,14.35,4.58,6.13,15.98,A+,A,0.5,6.868888888888889,25.49,4.56,Android;Linux;Windows,Cable;Dongle;Bluetooth,"$ 40.99 , find on: Amazon",2026-04-14T19:26:46+03:00,android;hall;linux;verified;windows,yes
45,8BitDo Pro 2 [HE],8bitDo,8bitdo-pro-2-hall-effect,https://gamepadla.com/8bitdo-pro-2-hall-effect.html,45_8bitdo-pro-2-hall-effect.webp,14.9,18.66,21.45,26.38,27.26,25.12,D,D,1.05,17.323809523809523,55.97,8.27,Android;iOS;Linux;Switch;Windows,Cable;Dongle;Bluetooth,"Price range: $ 39.47 – $ 49.99 , find on: Amazon , Aliexpress",2025-12-16T07:24:47+02:00,android;hall;ios;linux;macos;switch;symmetric;verified;windows,yes
209,Flydigi vader 5 pro,Flydigi,flydigi-vader-5-pro,https://gamepadla.com/flydigi-vader-5-pro.html,209_flydigi-vader-5-pro.webp,3.04,3.98,19.75,2.38,3.22,21.13,A+,A+,0.75,8.195652173913043,38.54,5.87,Android;iOS;Linux;Switch;Windows,Cable;Dongle;Bluetooth,"$ 79.99 , find on: Amazon , MiniXPC , Aliexpress",2025-11-13T14:03:12+02:00,android;hall;ios;linux;switch;verified;windows,yes
227,Leadjoy Xeno Plus,Leadjoy,leadjoy-xeno-plus,https://gamepadla.com/leadjoy-xeno-plus.html,227_leadjoy-xeno-plus.webp,2.49,5.44,7.4,2.57,6.51,9.84,A+,A,0.93,5.278499999999999,21.29,4.45,Android;iOS;Switch;Windows,Cable;Dongle;Bluetooth,$ 49.99,2026-03-28T12:24:10+02:00,android;ios;switch;tmr;verified;windows,yes
176,Gulikit ES,Gulikit,gulikit-es,https://gamepadla.com/gulikit-es.html,176_gulikit-es.webp,1.98,3.76,4.0,4.01,4.73,4.44,A+,A,0.72,3.436666666666667,23.86,3.15,Android;Linux;Switch;Windows,Cable;Dongle;Bluetooth,"$ 24.99 , find on: Amazon",2025-12-14T17:35:49+02:00,android;hall;linux;macos;switch;verified;windows,yes
89,8BitDo Ultimate 2C Wireless Controller,8BitDo,8bitdo-ultimate-2c-wireless,https://gamepadla.com/8bitdo-ultimate-2c-wireless.html,89_8bitdo-ultimate-2c-wireless.webp,5.12,5.12,15.16,1.92,4.1,8.61,A+,A,0.4,5.453333333333333,20.34,3.08,Android;iOS;Linux;Windows,Cable;Dongle;Bluetooth,"Price range: $ 22.50 – $ 34.99 , find on: Amazon , Aliexpress",2026-02-02T16:41:39+02:00,android;hall;ios;linux;macos;verified;windows,yes
230,Brook Starray,Brook,brook-starray,https://gamepadla.com/brook-starray.html,230_brook-starray.webp,2.29,,35.06,29.54,,62.98,C,F,1.68,29.291666666666668,69.81,2.54,Android;iOS;Playstation 5;Windows,Cable;Bluetooth,$ 64.99,2026-04-15T04:01:39+03:00,android;hall;ios;ps5;windows,yes
229,Anbernic RG G01,Anbernic,anbernic-rg-g01,https://gamepadla.com/anbernic-rg-g01.html,229_anbernic-rg-g01.webp,7.68,19.4,20.67,18.21,62.91,91.87,B,F,5.07,49.42,132.44,10.83,Android;iOS;Switch;Windows,Cable;Dongle;Bluetooth,"$ 69.99 , find on: Amazon , Aliexpress",2026-03-24T16:05:42+02:00,android;capacitive;display;ios;switch;windows,yes
215,Mobapad Chitu 2,Mobapad,mobapad-chitu-2,https://gamepadla.com/mobapad-chitu-2.html,215_mobapad-chitu-2.webp,6.14,,9.02,16.7,,14.49,B,B,3.03,16.46875,50.75,4.6,Android;iOS;Linux;Switch;Windows,Cable;Bluetooth,$ 45.00,2026-01-07T22:31:49+02:00,android;ios;linux;macos;nfc;switch;tmr;verified;windows,yes
225,GameSir G7 Pro Zenless Zone Zero,GameSir,gamesir-g7-pro-zenless-zone-zero,https://gamepadla.com/gamesir-g7-pro-zenless-zone-zero.html,225_gamesir-g7-pro-zenless-zone-zero.webp,2.29,6.07,,3.62,10.35,,A+,A,1.61,7.9775,27.96,2.62,Android;Windows;Xbox One;Xbox S/X,Cable;Dongle,$ 178.00,2026-05-06T22:38:56+03:00,android;tmr;windows;xbox_one;xbox_series,yes
170,SCUF Valor Pro Wired,SCUF,scuf-valor-pro,https://gamepadla.com/scuf-valor-pro.html,170_scuf-valor-pro.webp,2.95,,,6.17,,,A,,2.07,11.4375,27.56,1.14,Windows;Xbox One;Xbox S/X,Cable,$ 89.99,2026-03-25T00:42:02+02:00,hall;windows;xbox_one;xbox_series,yes
218,Flydigi Vader 5s,Flydigi,flydigi-vader-5s,https://gamepadla.com/flydigi-vader-5s.html,218_flydigi-vader-5s.webp,3.37,,,4.24,,,A,,1.67,4.122857142857143,9.97,1.65,Windows;Xbox One;Xbox S/X,Cable,"$ 59.99 , find on: Amazon , Aliexpress",2026-02-12T12:24:27+02:00,hall;verified;windows;xbox_one;xbox_series,yes
98,BigBig Won Blitz 2,Mojhon,bigbigwon-blitz-2,https://gamepadla.com/bigbigwon-blitz-2.html,98_bigbigwon-blitz-2.webp,5.15,6.57,,2.0,3.36,,A+,A,0.43,4.679444444444445,16.32,2.53,Android;iOS;Linux;Switch;Windows,Cable;Dongle,Price range: $ 66.94 – $ 74.99,2026-03-26T04:22:21+02:00,android;ios;linux;macos;potentiometers;switch;verified;windows,yes
123,PXN P5 8K,PXN,pxn-p5-8k,https://gamepadla.com/pxn-p5-8k.html,123_pxn-p5-8k.webp,1.42,2.89,21.19,5.01,6.49,26.7,A+,A,0.06,9.622692307692308,61.03,8.63,Android;iOS;Linux;Switch;Windows,Cable;Dongle;Bluetooth,"Price range: $ 29.99 – $ 39.99 , find on: Amazon , Aliexpress",2025-12-19T14:10:23+02:00,android;capacitive;ios;linux;macos;switch;verified;windows,yes
213,ROG Raikiri II,Asus,rog-raikiri-ii,https://gamepadla.com/rog-raikiri-ii.html,213_rog-raikiri-ii.webp,2.38,4.21,14.06,10.96,13.59,23.28,A,B,1.34,13.93857142857143,31.76,3.46,Android;Windows;Xbox One;Xbox S/X,Cable;Dongle;Bluetooth,"$ 189.99 , find on: Amazon",2025-12-25T13:14:02+02:00,android;tmr;verified;windows;xbox_one;xbox_series,yes
220,Gulikit TT Pro,Gulikit,gulikit-tt-pro,https://gamepadla.com/gulikit-tt-pro.html,220_gulikit-tt-pro.webp,2.55,4.59,3.04,1.93,3.97,2.24,A+,A+,0.8,4.233333333333333,17.1,2.67,Android;iOS;Linux;Switch;Windows,Cable;Dongle;Bluetooth,"$ 70.58 , find on: Amazon , Aliexpress",2026-01-26T09:11:38+02:00,android;ios;linux;macos;switch;symmetric;tmr;verified;windows,yes
217,Gulikit TT Max,Gulikit,gulikit-tt-max,https://gamepadla.com/gulikit-tt-max.html,217_gulikit-tt-max.webp,2.54,3.51,3.22,2.03,3.54,2.41,A+,A+,0.64,6.087714285714285,37.76,5.16,Android;iOS;Linux;Switch;Windows,Cable;Dongle;Bluetooth,"$ 82.34 , find on: Amazon",2026-01-14T05:44:35+02:00,android;ios;linux;macos;switch;symmetric;tmr;verified;windows,yes
206,Razer Raiju V3 Pro,Razer,razer-raiju-v3-pro,https://gamepadla.com/razer-raiju-v3-pro.html,206_razer-raiju-v3-pro.webp,2.45,8.51,,5.47,24.64,,A+,C,1.81,27.45375,88.78,7.26,Android;Linux;Playstation 5;Windows,Cable;Dongle,$ 219.99,2025-11-22T17:59:27+02:00,android;linux;ps5;symmetric;tmr;verified;windows,yes
188,Flydigi Direwolf 4,Flydigi,flydigi-direwolf-4,https://gamepadla.com/flydigi-direwolf-4.html,188_flydigi-direwolf-4.webp,5.23,6.7,20.4,10.19,9.76,32.99,A,A,3.17,18.905,50.33,6.24,Android;iOS;Switch;Windows,Cable;Dongle;Bluetooth,"$ 39.99 , find on: Amazon",2025-11-06T22:23:49+02:00,android;hall;ios;switch;verified;windows,yes
214,Machenike F1,Machenike,machenike-f1,https://gamepadla.com/machenike-f1.html,214_machenike-f1.webp,1.27,2.27,,1.59,1.83,,A+,A+,0.86,8.5275,39.83,5.99,Android;iOS;Linux;Switch;Windows,Cable;Dongle,$ 115.00,2025-12-28T17:45:59+02:00,android;ios;linux;macos;switch;symmetric;tmr;verified;windows,yes
172,Nacon Revolution X Unlimited,Nacon,nacon-revolution-x-unlimited,https://gamepadla.com/nacon-revolution-x-unlimited.html,172_nacon-revolution-x-unlimited.webp,4.0,5.57,14.65,8.01,10.89,18.37,A,B,1.93,8.276666666666667,25.23,2.54,Android;Linux;Windows;Xbox One;Xbox S/X,Cable;Dongle;Bluetooth,"$ 199.90 , find on: Amazon",2025-12-08T22:49:51+02:00,android;display;hall;linux;verified;windows;xbox_one;xbox_series,yes
194,BigBig Won Rainbow 3,Mojhon,bigbig-won-rainbow-3,https://gamepadla.com/bigbig-won-rainbow-3.html,194_bigbig-won-rainbow-3.webp,2.95,7.42,17.2,4.08,8.78,14.07,A+,A,0.17,6.229166666666667,22.54,4.68,Android;iOS;Switch;Windows,Cable;Dongle;Bluetooth,"$ 89.99 , find on: Amazon , MiniXPC",2025-11-05T17:53:10+02:00,android;capacitive;ios;switch;verified;windows,yes
167,GameSir Nova 2 Lite,GameSir,gamesir-nova-2-lite,https://gamepadla.com/gamesir-nova-2-lite.html,167_gamesir-nova-2-lite.webp,2.36,12.73,12.34,7.99,17.11,17.03,A,B,1.64,15.15875,44.39,4.46,Android;iOS;Linux;Switch;Windows,Cable;Dongle;Bluetooth,"$ 29.99 , find on: Amazon",2025-11-20T15:15:19+02:00,android;hall;ios;linux;macos;switch;verified;windows,yes
108,PXN P5,PXN,pxn-p5,https://gamepadla.com/pxn-p5.html,108_pxn-p5.webp,6.3,11.78,18.06,8.66,60.81,24.96,A,D,3.73,26.483571428571427,66.56,3.83,Android;iOS;Linux;Switch;Windows,Cable;Dongle;Bluetooth,"$ 25.99 , find on: Amazon",2025-12-19T23:53:51+02:00,android;hall;ios;linux;macos;switch;verified;windows,yes
212,Thunderobot G80 Ultra,Thunderobot,thunderobot-g80-ultra,https://gamepadla.com/thunderobot-g80-ultra.html,212_thunderobot-g80-ultra.webp,6.23,14.54,21.19,12.08,39.19,23.96,B,D,3.51,19.531666666666666,59.72,14.36,Android;iOS;Linux;Switch;Windows,Cable;Dongle;Bluetooth,"$ 74.99 , find on: MiniXPC",2025-12-15T11:52:48+02:00,android;hall;ios;linux;macos;switch;verified;windows,yes
162,Nintendo Switch 2 Pro Controller,Nintendo,nintendo-switch-2-pro-controller,https://gamepadla.com/nintendo-switch-2-pro-controller.html,162_nintendo-switch-2-pro-controller.webp,7.97,,,13.08,,,B,,0.38,10.370000000000001,49.93,9.46,Switch;Windows,Cable,"$ 89.99 , find on: Amazon",2025-12-23T11:35:12+02:00,nfc;potentiometers;switch;verified;windows,yes
211,Mobapad N1 HD,Mobapad,mobapad-n1-hd,https://gamepadla.com/mobapad-n1-hd.html,211_mobapad-n1-hd.webp,7.47,10.38,,52.57,68.1,,E,F,3.12,42.67714285714286,110.5,6.35,Android;iOS;Linux;Switch;Windows,Cable;Dongle,"$ 36.20 , find on: Amazon , Aliexpress",2025-12-15T11:53:46+02:00,android;hall;ios;linux;macos;nfc;switch;verified;windows,yes
1,Sony DualSense,Sony,sony-dualsense,https://gamepadla.com/sony-dualsense.html,1_sony-dualsense.webp,7.81,6.56,9.03,12.58,6.52,13.6,B,A,2.09,7.233888888888889,39.35,7.37,Android;iOS;Linux;Playstation 5;Windows,Cable;Dongle;Bluetooth,"Price range: $ 65.90 – $ 76.95 , find on: Amazon , Hyperlink 2",2025-12-26T13:27:44+02:00,android;ios;linux;macos;potentiometers;ps5;symmetric;verified;windows,yes
84,Razer Wolverine V3 Pro,Razer,razer-wolverine-v3-pro,https://gamepadla.com/razer-wolverine-v3-pro.html,84_razer-wolverine-v3-pro.webp,4.79,10.61,,13.66,32.85,,B,D,4.17,15.477500000000001,35.16,1.23,Windows;Xbox One;Xbox S/X,Cable;Dongle,$ 199.99,2025-10-28T18:19:50+02:00,hall;verified;windows;xbox_one;xbox_series,yes
159,Flydigi Apex 5,Flydigi,flydigi-apex-5,https://gamepadla.com/flydigi-apex-5.html,159_flydigi-apex-5.webp,3.01,4.9,22.28,2.82,5.54,22.98,A+,A,1.8,12.734545454545456,43.32,6.4,Android;iOS;Switch;Windows,Cable;Dongle;Bluetooth,"$ 169.99 , find on: Amazon , Aliexpress , MiniXPC",2025-07-18T23:26:00+03:00,android;display;hall;ios;macos;switch;verified;windows,yes
205,Hori Fighting Stick Alpha XS,Hori,hori-fighting-stick-alpha-xs,https://gamepadla.com/hori-fighting-stick-alpha-xs.html,205_hori-fighting-stick-alpha-xs.webp,4.17,,,,,,,,1.74,4.9575,13.08,2.6,,Cable,"$ 199.99 , find on: Amazon",,,yes
204,8BitDo 64 Bluetooth Controller,8BitDo,8bitdo-64-bluetooth-controller,https://gamepadla.com/8bitdo-64-bluetooth-controller.html,204_8bitdo-64-bluetooth-controller.webp,8.31,,14.09,,,,,,2.8,11.2,90.96,4.38,Android;Linux;Switch;Windows,Cable;Bluetooth,"$ 39.99 , find on: Amazon",,android;hall;linux;macos;switch;windows,yes
201,Fantech EOS Pro II S,Fantech,fantech-eos-pro-ii-s,https://gamepadla.com/fantech-eos-pro-ii-s.html,201_fantech-eos-pro-ii-s.webp,3.89,17.54,28.38,8.58,47.87,52.0,A,E,3.03,26.376666666666665,78.37,8.48,Android;iOS;Linux;Switch;Windows,Cable;Dongle;Bluetooth,$ 39.99,2025-12-19T00:15:55+02:00,android;ios;linux;macos;switch;tmr;windows,yes
96,PowerA OPS V3 Pro,PowerA,powera-ops-v3-pro,https://gamepadla.com/powera-ops-v3-pro.html,96_powera-ops-v3-pro.webp,2.85,4.95,13.11,5.04,17.78,19.12,A+,B,2.06,10.475,27.23,3.97,Android;iOS;Linux;Windows,Cable;Dongle;Bluetooth,"$ 99.99 , find on: Amazon",2025-12-22T20:30:12+02:00,android;hall;ios;linux;verified;windows,yes
198,Razer Wolverine V3 TE 8K,Razer,razer-wolverine-v3-tournament-edition-8k-pc,https://gamepadla.com/razer-wolverine-v3-tournament-edition-8k-pc.html,198_razer-wolverine-v3-tournament-edition-8k-pc.webp,2.21,,,6.45,,,A,,1.43,4.3999999999999995,9.94,0.56,Linux;Windows,Cable,"$ 119.99 , find on: Amazon",2025-11-20T20:41:09+02:00,linux;tmr;windows,yes
199,GuliKit Elves 2 Pro,GuliKit,gulikit-elves-2-pro,https://gamepadla.com/gulikit-elves-2-pro.html,199_gulikit-elves-2-pro.webp,5.34,,25.24,22.35,,55.05,B,F,2.48,31.439999999999998,68.88,5.24,Android;iOS;Linux;Switch;Windows,Cable;Bluetooth,"$ 39.99 , find on: Amazon",2026-03-09T03:58:00+02:00,android;hall;ios;linux;macos;switch;symmetric;windows,yes
196,8BitDo Arcade Controller,8BitDo,8bitdo-arcade-controller,https://gamepadla.com/8bitdo-arcade-controller.html,196_8bitdo-arcade-controller.webp,4.82,7.09,16.19,,,,,,3.5,9.366666666666667,42.21,7.76,,Cable;Dongle;Bluetooth,,,bluetooth;cable;dongle;prometheus,yes
12,Nintendo Switch Pro Controller,Nintendo,nintendo-switch-pro-controller,https://gamepadla.com/nintendo-switch-pro-controller.html,12_nintendo-switch-pro-controller.webp,21.81,,16.81,22.15,,21.14,D,D,5.94,20.4775,65.22,12.71,Android;iOS;Linux;Switch;Windows,Cable;Bluetooth,"$ 69.00 , find on: Amazon",2023-07-26T13:09:16+03:00,android;ios;linux;macos;nfc;potentiometers;switch;verified;windows,yes
126,Sony Dualshock 3,Sony,sony-dualshock-3,https://gamepadla.com/sony-dualshock-3.html,126_sony-dualshock-3.webp,11.43,,12.91,13.34,,14.85,C,C,5.56,13.1325,32.5,6.42,Android;Linux;Windows,Cable;Bluetooth,$ 49.99 Discontinued,,android;linux;macos;potentiometers;ps3;symmetric;verified;windows,yes
193,EasySMX X05 Pro,EasySMX,easysmx-x05-pro,https://gamepadla.com/easysmx-x05-pro.html,193_easysmx-x05-pro.webp,4.95,10.51,13.96,13.58,35.82,19.84,B,D,2.82,19.513571428571428,44.23,7.38,Android;iOS;Linux;Switch;Windows,Cable;Dongle;Bluetooth,"$ 29.99 , find on: Aliexpress",2026-02-10T11:45:15+02:00,android;hall;ios;linux;macos;switch;verified;windows,yes
179,EasySMX S10,EasySMX,easysmx-s10,https://gamepadla.com/easysmx-s10.html,179_easysmx-s10.webp,5.13,,14.48,7.22,,47.16,A,E,2.62,27.536,69.33,3.8,Android;iOS;Linux;Switch;Windows,Cable;Bluetooth,"$ 59.99 , find on: Amazon",2026-03-20T01:12:21+02:00,android;ios;linux;macos;nfc;switch;tmr;verified;windows,yes
192,GameSir X5 Lite,GameSir,gamesir-x5-lite,https://gamepadla.com/gamesir-x5-lite.html,192_gamesir-x5-lite.webp,7.0,,,8.71,,,A,,4.91,7.8325000000000005,11.18,1.1,,Cable,,,,yes
191,ZIKE Z331,ZIKE,zike-z331,https://gamepadla.com/zike-z331.html,191_zike-z331.webp,7.09,,,29.85,,,C,,5.58,20.97,40.36,1.06,,Cable,,,,yes
67,GameSir G8 Galileo,Gamesir,gamesir-g8-galileo,https://gamepadla.com/gamesir-g8-galileo.html,67_gamesir-g8-galileo.webp,4.28,,,7.82,,,A,,2.09,6.050000000000001,10.38,1.28,,Cable,"Price range: $ 58.99 – $ 79.99 , find on: Amazon , Aliexpress",,cable;gpdl;prometheus;wired,yes
190,GameSir X5s,GameSir,gamesir-x5s,https://gamepadla.com/gamesir-x5s.html,190_gamesir-x5s.webp,17.24,,29.72,,,31.52,,E,12.07,25.965714285714284,45.83,5.71,Android,Cable;Bluetooth,,,android,yes
187,ZD Classic Legend,ZD,zd-classic-legend,https://gamepadla.com/zd-classic-legend.html,187_zd-classic-legend.webp,8.43,10.69,19.57,15.53,35.78,40.11,B,D,3.27,31.225,83.81,9.68,Android;iOS;Linux;Switch;Windows,Cable;Dongle;Bluetooth,"$ 29.99 , find on: Amazon",2026-01-27T09:22:43+02:00,android;display;hall;ios;linux;switch;verified;windows,yes
186,BattlerGC Pro,Retro Fighters,battlergc-pro,https://gamepadla.com/battlergc-pro.html,186_battlergc-pro.webp,18.62,28.54,17.02,15.96,21.92,11.07,C,C,6.99,20.4675,50.42,7.11,Android;iOS;Linux;Switch;Windows,Cable;Dongle;Bluetooth,"$ 64.95 , find on: Amazon",2026-05-16T21:26:16+03:00,android;hall;ios;linux;macos;switch;windows,yes
180,BEITONG Kunpeng 70,Beitong,beitong-kunpeng-70,https://gamepadla.com/beitong-kunpeng-70.html,180_beitong-kunpeng-70.webp,1.55,4.43,11.93,12.42,14.86,17.21,A,B,0.2,6.624545454545455,36.59,6.22,Android;iOS;Linux;Switch;Windows,Cable;Dongle;Bluetooth,"$ 129.99 , find on: MiniXPC",2025-09-01T14:46:34+03:00,android;capacitive;ios;linux;switch;verified;windows,yes
184,GameSir G7 Pro WUCHANG,GameSir,gamesir-g7-pro-wuchang,https://gamepadla.com/gamesir-g7-pro-wuchang.html,184_gamesir-g7-pro-wuchang.webp,2.26,4.91,5.62,4.99,9.86,10.24,A+,A,1.69,6.3133333333333335,27.37,3.79,Android;Linux;Windows;Xbox One;Xbox S/X,Cable;Dongle;Bluetooth,"$ 99.99 , find on: Aliexpress",2025-10-14T11:21:32+03:00,android;linux;tmr;verified;windows;xbox_one;xbox_series,yes
183,Victrix Pro BFG Reloaded Xbox,Turtle Beach,victrix-pro-bfg-reloaded-xbox,https://gamepadla.com/victrix-pro-bfg-reloaded-xbox.html,183_victrix-pro-bfg-reloaded-xbox.webp,5.35,15.53,,15.65,24.35,,B,D,3.17,15.22,44.48,4.79,Android;Linux;Windows;Xbox One;Xbox S/X,Cable;Dongle,"$ 209.99 , find on: Amazon",2026-02-21T17:07:47+02:00,android;hall;linux;macos;verified;windows;xbox_one;xbox_series,yes
181,Victrix Pro BFG Reloaded,Turtle Beach,victrix-pro-bfg-reloaded,https://gamepadla.com/victrix-pro-bfg-reloaded.html,181_victrix-pro-bfg-reloaded.webp,9.83,15.24,,17.19,26.2,,B,D,7.82,17.115000000000002,59.25,6.56,Android;iOS;Linux;Playstation 4;Playstation 5;Windows,Cable;Dongle,"$ 209.99 , find on: Amazon",2025-12-17T11:02:23+02:00,android;hall;ios;linux;macos;ps4;ps5;verified;windows,yes
146,8BitDo Ultimate 3-mode Controller for Xbox,8BitDo,8bitdo-ultimate-3-mode-controller-for-xbox,https://gamepadla.com/8bitdo-ultimate-3-mode-controller-for-xbox.html,146_8bitdo-ultimate-3-mode-controller-for-xbox.webp,7.49,18.36,16.48,11.95,19.19,21.44,B,C,3.77,13.270000000000001,30.7,5.11,Android;iOS;Linux;Windows;Xbox One;Xbox S/X,Cable;Dongle;Bluetooth,"Price range: $ 56.51 – $ 69.99 , find on: Amazon",2026-04-19T20:15:45+03:00,android;hall;ios;linux;macos;verified;windows;xbox_one;xbox_series,yes
26,GameSir G7 SE,GameSir,gamesir-g7-se,https://gamepadla.com/gamesir-g7-se.html,26_gamesir-g7-se.webp,3.0,,,3.23,,,A+,,0.95,3.632222222222222,11.1,2.78,Linux;Windows;Xbox One;Xbox S/X,Cable,"Price range: $ 36.99 – $ 49.99 , find on: Amazon , sovrn.co",2025-07-19T13:39:44+03:00,hall;linux;macos;verified;windows;xbox_one;xbox_series,yes
173,Gulikit ES Pro,Gulikit,gulikit-es-pro,https://gamepadla.com/gulikit-es-pro.html,173_gulikit-es-pro.webp,1.75,,3.53,3.45,,3.7,A+,A+,0.91,3.9842857142857144,17.31,2.27,Android;iOS;Linux;Switch;Windows,Cable;Bluetooth,"$ 29.99 , find on: Amazon",2025-12-14T17:20:39+02:00,android;ios;linux;macos;switch;tmr;verified;windows,yes
178,Razer Wolverine V3 Pro 8K PC,Razer,razer-wolverine-v3-pro-8k-pc,https://gamepadla.com/razer-wolverine-v3-pro-8k-pc.html,178_razer-wolverine-v3-pro-8k-pc.webp,1.87,1.87,,2.33,2.75,,A+,A+,1.28,2.205,3.47,0.34,Linux;Windows,Cable;Dongle,"$ 199.99 , find on: Amazon",2025-12-14T17:03:28+02:00,linux;tmr;verified;windows,yes
177,8BitDo pro 3,8BitDo,8bitdo-pro-3,https://gamepadla.com/8bitdo-pro-3.html,177_8bitdo-pro-3.webp,5.85,9.2,11.93,11.44,14.77,28.08,B,B,3.29,22.963333333333335,102.46,10.86,Android;iOS;Linux;Switch;Windows,Cable;Dongle;Bluetooth,"$ 69.99 , find on: Amazon , Aliexpress",2025-08-14T22:20:55+03:00,android;ios;linux;macos;switch;symmetric;tmr;verified;windows,yes
174,Gulikit Elves 2,Gulikit,gulikit-elves-2,https://gamepadla.com/gulikit-elves-2.html,174_gulikit-elves-2.webp,1.85,,3.52,4.2,,5.13,A+,A,1.16,4.992,26.98,3.78,Android;iOS;Linux;Switch;Windows,Cable;Bluetooth,"$ 29.99 , find on: Amazon",2026-01-12T20:53:56+02:00,android;hall;ios;linux;macos;switch;symmetric;verified;windows,yes
168,GameSir T7 Pro Floral,GameSir,gamesir-t7-pro-floral,https://gamepadla.com/gamesir-t7-pro-floral.html,168_gamesir-t7-pro-floral.webp,3.96,,,,,,,,1.44,3.96,6.32,1.2,Linux;Windows;Xbox One;Xbox S/X,Cable,$ 49.99,2025-12-28T03:10:39+02:00,hall;linux;windows;xbox_one;xbox_series,yes
36,GuliKit KK3 MAX,Gulikit,gulikit-kk3-max-kingkong-3-ns39,https://gamepadla.com/gulikit-kk3-max-kingkong-3-ns39.html,36_gulikit-kk3-max-kingkong-3-ns39.webp,5.4,35.39,18.3,33.89,53.05,51.26,C,E,2.6,31.12857142857143,71.29,5.21,Android;iOS;Linux;Switch;Windows,Cable;Dongle;Bluetooth,"Price range: $ 59.99 – $ 79.99 , find on: Amazon , Aliexpress , Hyperlink 2",2025-09-06T08:32:42+03:00,android;hall;ios;linux;macos;nfc;switch;verified;windows,yes
163,Razer Wolverine V3 Tournament Edition,Razer,razer-wolverine-v3-tournament-edition,https://gamepadla.com/razer-wolverine-v3-tournament-edition.html,163_razer-wolverine-v3-tournament-edition.webp,6.11,,,11.37,,,B,,3.24,11.24,24.96,1.43,Android;Linux;Windows;Xbox One;Xbox S/X,Cable,"$ 99.90 , find on: Amazon",2025-11-12T17:06:27+02:00,android;hall;linux;verified;windows;xbox_one;xbox_series,yes
156,8BitDo Ultimate 2 Bluetooth Controller,8BitDo,8bitdo-ultimate-2-bluetooth-controller,https://gamepadla.com/8bitdo-ultimate-2-bluetooth-controller.html,156_8bitdo-ultimate-2-bluetooth-controller.webp,6.31,8.36,11.06,16.21,18.1,29.68,B,B,4.14,16.63875,40.99,4.33,Android;iOS;Linux;Switch;Windows,Cable;Dongle;Bluetooth,"$ 59.99 , find on: Amazon , Aliexpress",2025-12-16T15:38:20+02:00,android;ios;linux;macos;switch;tmr;verified;windows,yes
107,Zuiki Evotop,Zuiki,zuiki-evotop,https://gamepadla.com/zuiki-evotop.html,107_zuiki-evotop.webp,2.94,3.72,38.39,4.54,5.48,44.51,A+,A,0.2,12.748181818181818,76.86,12.29,Android;iOS;Switch;Windows,Cable;Dongle;Bluetooth,$ 219.99,2025-12-14T16:53:43+02:00,android;display;hall;ios;macos;switch;verified;windows,yes
158,Xbox Elite Series 2 Core,Microsoft,xbox-elite-series-2-core,https://gamepadla.com/xbox-elite-series-2-core.html,158_xbox-elite-series-2-core.webp,8.52,14.81,11.1,9.23,11.05,14.98,B,B,4.9,11.586666666666666,24.9,4.45,Android;iOS;Linux;Windows;Xbox One;Xbox S/X,Cable;Dongle;Bluetooth,"$ 139.99 , find on: Amazon",2025-12-18T20:13:08+02:00,android;ios;linux;macos;potentiometers;verified;windows;xbox_one;xbox_series,yes
15,Xbox Series Controller,Microsoft,xbox-core-controller,https://gamepadla.com/xbox-core-controller.html,15_xbox-core-controller.webp,6.5,7.21,12.23,8.3,8.88,12.98,B,B,2.78,9.608333333333333,29.18,4.14,Android;iOS;Linux;Windows;Xbox One;Xbox S/X,Cable;Dongle;Bluetooth,"Price range: $ 44.99 – $ 64.95 , find on: Amazon",2023-08-17T13:46:21+03:00,android;ios;linux;macos;potentiometers;verified;windows;xbox_one;xbox_series,yes
132,Mojhon Aether,Mojhon,bigbigwon-aether,https://gamepadla.com/bigbigwon-aether.html,132_bigbigwon-aether.webp,3.87,10.19,10.24,15.12,22.61,20.87,B,C,3.03,13.927857142857144,27.56,2.8,Android;iOS;Linux;Switch;Windows,Cable;Dongle;Bluetooth,"$ 29.99 , find on: Aliexpress , amazon.com",2026-07-21T12:33:09+03:00,android;display;hall;ios;linux;macos;switch;verified;windows,yes
157,ZD O+ Excellence,ZD,zd-o-excellence,https://gamepadla.com/zd-o-excellence.html,157_zd-o-excellence.webp,9.0,14.89,25.59,9.94,,,B,,3.76,16.23125,41.5,5.15,Android;iOS;Linux;Switch;Windows,Cable;Dongle;Bluetooth,"$ 79.94 , find on: Aliexpress",2026-02-02T16:18:30+02:00,android;ios;linux;macos;optional;switch;verified;windows,yes
10,Google Stadia Controller,Google,google-stadia-controller,https://gamepadla.com/google-stadia-controller.html,10_google-stadia-controller.webp,2.99,,27.79,9.17,,28.08,A,D,1.3,17.0075,32.33,2.51,Android;Linux;Windows,Cable;Bluetooth,$ 69.99 Discontinued,,android;linux;macos;potentiometers;symmetric;verified;windows,yes
5,Gamesir T4 pro,Gamesir,gamesir-t4-pro,https://gamepadla.com/gamesir-t4-pro.html,5_gamesir-t4-pro.webp,8.58,14.56,16.65,11.96,19.38,20.89,B,C,4.58,16.58,40.9,5.37,Android;iOS;Linux;Switch;Windows,Cable;Dongle;Bluetooth,"Price range: $ 24.74 – $ 35.99 , find on: Aliexpress , Amazon",2025-12-20T23:40:33+02:00,android;ios;linux;macos;potentiometers;switch;verified;windows,yes
75,BigBig Won Rainbow 2 Pro,Mojhon,rainbow-2-pro,https://gamepadla.com/rainbow-2-pro.html,75_rainbow-2-pro.webp,6.28,19.85,29.32,10.53,38.66,50.06,A,D,5.1,25.386875,60.45,4.07,Android;iOS;Switch;Windows;Xbox One;Xbox S/X,Cable;Dongle;Bluetooth,"Price range: $ 21.65 – $ 64.99 , find on: Amazon , Aliexpress",2025-12-31T15:43:51+02:00,android;ios;potentiometers;switch;verified;windows;xbox_one;xbox_series,yes
83,GameSir G7 HE,Gamesir,gamesir-g7-he,https://gamepadla.com/gamesir-g7-he.html,83_gamesir-g7-he.webp,2.84,,,11.56,,,A,,2.35,12.021666666666667,33.58,1.06,Linux;Windows;Xbox One;Xbox S/X,Cable,"$ 49.99 , find on: Amazon , Aliexpress",2025-12-29T12:47:28+02:00,hall;linux;verified;windows;xbox_one;xbox_series,yes
11,Amazon Luna Controller,Amazon,amazon-luna-controller,https://gamepadla.com/amazon-luna-controller.html,11_amazon-luna-controller.webp,7.71,,25.91,10.4,,28.1,B,D,5.15,18.03,41.32,6.2,Android;iOS;Linux;Windows,Cable;Bluetooth,"Price range: $ 39.99 – $ 69.99 , find on: Amazon",2025-12-14T17:28:36+02:00,android;ios;linux;macos;potentiometers;verified;windows,yes
42,Flydigi Apex 4,Flydigi,flydigi-apex-4,https://gamepadla.com/flydigi-apex-4.html,42_flydigi-apex-4.webp,7.03,7.67,22.44,42.83,50.67,73.46,D,E,5.2,37.769999999999996,85.04,6.29,Android;iOS;Linux;Switch;Windows,Cable;Dongle;Bluetooth,"Price range: $ 93.99 – $ 159.99 , find on: Amazon , Aliexpress",2025-12-19T00:03:07+02:00,android;display;hall;ios;linux;macos;switch;verified;windows,yes
73,Flydigi Vader 4 Pro,Flydigi,flydigi-vader-4-pro,https://gamepadla.com/flydigi-vader-4-pro.html,73_flydigi-vader-4-pro.webp,6.43,7.62,22.21,16.22,19.15,28.81,B,B,4.84,18.490000000000002,45.82,6.18,Android;iOS;Linux;Switch;Windows,Cable;Dongle;Bluetooth,Price range: $ 59.99 – $ 79.99 Discontinued,2025-09-22T07:03:05+03:00,android;hall;ios;linux;macos;switch;verified;windows,yes
6,Sony DualSense Edge,Sony,sony-dualsense-edge,https://gamepadla.com/sony-dualsense-edge.html,6_sony-dualsense-edge.webp,3.46,,6.65,3.46,,6.76,A+,B,2.71,5.1375,27.94,4.06,Android;iOS;Linux;Playstation 5;Windows,Cable;Bluetooth,"Price range: $ 179.99 – $ 199.99 , find on: Amazon",2025-12-14T16:59:05+02:00,android;ios;linux;macos;potentiometers;ps5;symmetric;verified;windows,yes
144,Victrix Pro BFG,Turtle Beach,victrix-pro-bfg,https://gamepadla.com/victrix-pro-bfg.html,144_victrix-pro-bfg.webp,5.89,8.95,,18.54,20.94,,B,C,3.0,13.565833333333332,26.35,2.52,Linux;Playstation 4;Playstation 5;Windows,Cable;Dongle,"$ 159.99 , find on: Amazon",,linux;macos;potentiometers;ps4;ps5;verified;windows,yes
143,8BitDo Ultimate 2 Wireless Controller,8BitDo,8bitdo-ultimate-2-wireless-controller,https://gamepadla.com/8bitdo-ultimate-2-wireless-controller.html,143_8bitdo-ultimate-2-wireless-controller.webp,2.81,3.95,12.02,7.02,8.11,15.99,A,A,2.09,8.316666666666666,22.29,3.0,Android;iOS;Linux;Windows,Cable;Dongle;Bluetooth,"$ 59.99 , find on: Amazon",2025-11-24T04:50:15+02:00,android;ios;linux;macos;tmr;verified;windows,yes
2,8Bitdo Ultimate Bluetooth Controller,8BitDo,8bitdo-ultimate-bluetooth-controller,https://gamepadla.com/8bitdo-ultimate-bluetooth-controller.html,2_8bitdo-ultimate-bluetooth-controller.webp,10.11,9.75,11.54,16.42,12.55,18.06,B,B,5.08,13.071666666666667,36.29,4.93,Android;iOS;Linux;Switch;Windows,Cable;Dongle;Bluetooth,"Price range: $ 59.99 – $ 69.99 , find on: Aliexpress , Amazon",2025-12-16T10:20:05+02:00,android;hall;ios;linux;macos;switch;verified;windows,yes
114,Flydigi Direwolf 3,Flydigi,flydigi-direwolf-3,https://gamepadla.com/flydigi-direwolf-3.html,114_flydigi-direwolf-3.webp,5.25,6.26,30.08,,,,,,2.65,10.582727272727272,44.09,7.46,Android;iOS;Linux;Switch;Windows,Cable;Dongle;Bluetooth,Price range: $ 29.99 – $ 39.99,2025-12-19T15:17:10+02:00,android;hall;ios;linux;switch;verified;windows,yes
78,Manba One v2,Manba,manba-one-v2,https://gamepadla.com/manba-one-v2.html,78_manba-one-v2.webp,2.11,14.19,17.91,7.51,45.15,38.54,A,E,0.29,18.192666666666664,61.73,8.43,Android;Linux;Switch;Windows,Cable;Dongle;Bluetooth,"$ 69.99 , find on: Amazon",2025-10-17T02:48:42+03:00,android;display;hall;linux;switch;verified;windows,yes
69,Machenike G5 Pro V2,Machenike,machenike-g5-pro-v2,https://gamepadla.com/machenike-g5-pro-v2.html,69_machenike-g5-pro-v2.webp,1.41,11.1,17.88,9.55,31.24,27.42,A,D,0.28,18.6025,49.63,6.28,Android;iOS;Linux;Switch;Windows,Cable;Dongle;Bluetooth,"Price range: $ 43.62 – $ 69.99 , find on: Amazon , Aliexpress",2025-12-25T23:59:53+02:00,android;hall;ios;linux;macos;switch;verified;windows,yes
122,EasySMX X20,EasySMX,easysmx-x20,https://gamepadla.com/easysmx-x20.html,122_easysmx-x20.webp,4.23,13.69,24.71,14.31,34.02,,B,E,2.21,16.211818181818185,59.83,10.96,Android;iOS;Linux;Switch;Windows,Cable;Dongle;Bluetooth,"Price range: $ 38.46 – $ 59.99 , find on: Amazon , Aliexpress",2025-12-19T11:11:16+02:00,android;hall;ios;linux;macos;switch;verified;windows,yes
134,GameSir Super Nova,Gamesir,gamesir-nova-pro,https://gamepadla.com/gamesir-nova-pro.html,134_gamesir-nova-pro.webp,7.32,20.38,26.01,,,,,,3.0,16.799090909090907,43.56,6.15,Android;iOS;Linux;Switch;Windows,Cable;Dongle;Bluetooth,"$ 49.99 , find on: Amazon , Aliexpress",2025-12-15T23:23:36+02:00,android;hall;ios;linux;macos;switch;verified;windows,yes
131,Machenike G5 Pro Max SE,Machenike,machenike-g5-pro-max-se,https://gamepadla.com/machenike-g5-pro-max-se.html,131_machenike-g5-pro-max-se.webp,2.21,17.27,40.98,,,,,,1.26,16.805,118.5,20.95,Android;iOS;Linux;Switch;Windows,Cable;Dongle;Bluetooth,"Price range: $ 35.99 – $ 55.99 , find on: Aliexpress",2025-12-28T21:50:50+02:00,android;hall;ios;linux;macos;switch;verified;windows,yes
129,Machenike G3 V2,Machenike,machenike-g3-v2,https://gamepadla.com/machenike-g3-v2.html,129_machenike-g3-v2.webp,5.99,14.33,28.11,,,,,,3.37,16.143333333333334,96.24,7.07,Android;iOS;Linux;Switch;Windows,Cable;Dongle;Bluetooth,"$ 27.69 , find on: Amazon",2025-12-16T00:54:03+02:00,android;hall;ios;linux;macos;switch;windows,yes
92,Beitong Kunpeng 20,Beitong,beitong-kp20,https://gamepadla.com/beitong-kp20.html,92_beitong-kp20.webp,1.82,6.3,17.81,11.27,55.88,25.13,A,E,1.2,19.701666666666664,58.6,11.84,Android;iOS;Linux;Switch;Windows,Cable;Dongle;Bluetooth,"$ 45.99 , find on: Aliexpress",2025-12-23T10:41:00+02:00,android;ios;linux;macos;switch;tmr;verified;windows,yes
103,Beitong Zeus 2,Beitong,beitong-zeus-2,https://gamepadla.com/beitong-zeus-2.html,103_beitong-zeus-2.webp,5.21,28.29,24.69,35.53,,,C,,1.45,20.51375,38.04,3.6,Android;iOS;Linux;Switch;Windows,Cable;Dongle;Bluetooth,"$ 114.70 , find on: Aliexpress",2026-01-04T22:41:28+02:00,android;ios;linux;macos;potentiometers;switch;verified;windows,yes
120,Machenike G1 Pro,Machenike,machenike-g1-pro,https://gamepadla.com/machenike-g1-pro.html,120_machenike-g1-pro.webp,4.94,13.33,17.01,4.62,26.26,26.06,A,D,2.71,18.535,38.91,4.91,Android;iOS;Linux;Switch;Windows,Cable;Dongle;Bluetooth,"$ 36.99 , find on: Amazon",,android;ios;linux;macos;switch;tmr;verified;windows,yes
119,Vilcorn Z04,Vilcorn,vilcorn-z04,https://gamepadla.com/vilcorn-z04.html,119_vilcorn-z04.webp,28.12,56.61,30.13,,,,,,20.73,34.7025,82.62,9.13,Android;iOS;Switch;Windows,Cable;Dongle;Bluetooth,"$ 25.99 , find on: Aliexpress",2026-02-06T06:50:39+02:00,android;hall;ios;switch;verified;windows,yes
105,PB Tails Crush 550,PB Tails,pb-tails-crush-550,https://gamepadla.com/pb-tails-crush-550.html,105_pb-tails-crush-550.webp,6.7,15.8,34.45,,,,,,4.01,22.29125,115.95,18.12,Android;iOS;Linux;Switch;Windows,Cable;Dongle;Bluetooth,"Price range: $ 79.99 – $ 83.71 , find on: Aliexpress",,android;ios;linux;macos;switch;tmr;verified;windows,yes
99,NYXI Master P1,NYXI,nyxi-master-p1,https://gamepadla.com/nyxi-master-p1.html,99_nyxi-master-p1.webp,7.69,12.36,28.79,,,,,,2.52,15.768333333333333,49.08,6.45,Android;iOS;Switch;Windows,Cable;Dongle;Bluetooth,"$ 49.99 , find on: Amazon",,android;hall;ios;switch;verified;windows,yes
117,8BitDo Ultimate 2C Bluetooth,8BitDo,8bitdo-ultimate-2c-bluetooth,https://gamepadla.com/8bitdo-ultimate-2c-bluetooth.html,117_8bitdo-ultimate-2c-bluetooth.webp,32.84,,14.68,,,,,,5.02,23.76,45.4,7.04,Android;iOS;Linux;Switch;Windows,Cable;Bluetooth,"Price range: $ 26.39 – $ 29.99 , find on: Amazon , Aliexpress",,android;hall;ios;linux;switch;verified;windows,yes
116,Flydigi Dune Fox,Flydigi,flydigi-dune-fox,https://gamepadla.com/flydigi-dune-fox.html,116_flydigi-dune-fox.webp,8.68,12.31,,,,,,,3.29,12.475,24.43,3.02,Android;iOS;Linux;Switch;Windows,Cable;Dongle,"$ 24.99 , find on: Aliexpress",2025-12-16T07:24:50+02:00,android;hall;ios;linux;macos;switch;verified;windows,yes
80,Crush Defender Controller,PB Tails,crush-defender-controller,https://gamepadla.com/crush-defender-controller.html,80_crush-defender-controller.webp,6.99,15.7,16.81,8.33,14.72,18.22,B,C,3.42,14.216,44.97,4.84,Android;iOS;Switch;Windows,Cable;Dongle;Bluetooth,$ 109.99,,android;ios;switch;tmr;verified;windows,yes
22,Flydigi Vader 3 Pro,Flydigi,flydigi-vader-3-pro,https://gamepadla.com/flydigi-vader-3-pro.html,22_flydigi-vader-3-pro.webp,9.84,10.92,38.73,29.34,30.16,51.97,C,C,4.2,27.043333333333333,57.94,3.6,Android;iOS;Linux;Switch;Windows,Cable;Dongle;Bluetooth,Price range: $ 40.55 – $ 79.98 Discontinued,2025-12-17T07:21:12+02:00,android;hall;ios;linux;macos;switch;verified;windows,yes
275,Dawn Breaker,YUYIU,dawn-breaker,https://gamepadla.com/dawn-breaker.html,275_dawn-breaker.webp,,,,,,,,,,,,,Windows,,$ 30.00,,windows,yes
273,Beitong Kunpeng 20D,Beitong,beitong-kunpeng-20d,https://gamepadla.com/beitong-kunpeng-20d.html,273_beitong-kunpeng-20d.webp,,,,,,,,,,,,,,,$ 49.99,,,yes
266,Acegamer Hypershadow D4,Acegamer,acegamer-hypershadow-d4,https://gamepadla.com/acegamer-hypershadow-d4.html,266_acegamer-hypershadow-d4.webp,6.13,12.0,14.39,2.98,26.46,24.7,A,C,2.15,13.96875,41.37,5.89,,Cable;Dongle;Bluetooth,$ 49.99,2026-08-28T21:47:58+03:00,,yes
265,Mobapad Huben 2,Mobapad,mobapad-huben-2,https://gamepadla.com/mobapad-huben-2.html,265_mobapad-huben-2.webp,7.31,,,13.46,,,B,,3.36,10.385,14.43,2.26,,Cable,$ 79.99,,,yes
264,QRD Spark N7,QRD,qrd-spark-n7,https://gamepadla.com/qrd-spark-n7.html,264_qrd-spark-n7.webp,,,,,,,,,,,,,,,$ 60.00,,,yes
263,MH5 Standard,Battle Beaver,mh5-standard,https://gamepadla.com/mh5-standard.html,263_mh5-standard.webp,,,,,,,,,,,,,,,$ 277.99,,,yes
262,SN30 2.4G Wireless Gamepad,8BitDo,sn30-2-4g-wireless-gamepad,https://gamepadla.com/sn30-2-4g-wireless-gamepad.html,262_sn30-2-4g-wireless-gamepad.webp,,,,,,,,,,,,,Switch;Windows,,$ 29.99,,switch;windows,yes
261,N30 2.4G Wireless Gamepad,8BitDo,n30-2-4g-wireless-gamepad,https://gamepadla.com/n30-2-4g-wireless-gamepad.html,261_n30-2-4g-wireless-gamepad.webp,,,,,,,,,,,,,Switch;Windows,,$ 29.99,,switch;windows,yes
260,NEOGEO Wireless Controller,8BitDo,neogeo-wireless-controller,https://gamepadla.com/neogeo-wireless-controller.html,260_neogeo-wireless-controller.webp,,,,,,,,,,,,,,,$ 34.99,,,yes
259,8Bitdo M30 2.4G Wireless Gamepad,8BitDo,m30-2-4g-wireless-gamepad-for-the-original-sega-genesis,https://gamepadla.com/m30-2-4g-wireless-gamepad-for-the-original-sega-genesis.html,259_m30-2-4g-wireless-gamepad-for-the-original-sega-genesis.webp,,,,,,,,,,,,,Switch;Windows,,$ 29.99,,switch;windows,yes
258,Flydigi Vader 5 pro v2,Flydigi,flydigi-vader-5-pro-v2,https://gamepadla.com/flydigi-vader-5-pro-v2.html,258_flydigi-vader-5-pro-v2.webp,2.96,,,2.02,,,A+,,1.23,2.49,3.71,0.37,Android;iOS;Linux;Switch;Windows,Cable,$ 79.99,2026-08-19T08:01:46+03:00,android;hall;ios;linux;switch;windows,yes
256,PowerA Advantage,PowerA,powera-advantage,https://gamepadla.com/powera-advantage.html,256_powera-advantage.webp,,,,,,,,,,,,,,,$ 44.99,,,yes
254,GameSir G7 Pro Tri-Mode Xbox,GameSir,gamesir-g7-pro-tri-mode-xbox,https://gamepadla.com/gamesir-g7-pro-tri-mode-xbox.html,254_gamesir-g7-pro-tri-mode-xbox.webp,,,,,,,,,,,,,,,$ 115.00,,,yes
253,GameSir Tarantula Pro Xbox,GameSir,gamesir-tarantula-pro-xbox,https://gamepadla.com/gamesir-tarantula-pro-xbox.html,253_gamesir-tarantula-pro-xbox.webp,2.97,,,2.33,,,A+,,1.06,2.6500000000000004,3.56,0.52,,Cable,,2026-08-02T22:57:13+03:00,symmetric,yes
252,Haute42 C16,Cosmox,haute42-c16,https://gamepadla.com/haute42-c16.html,252_haute42-c16.webp,2.59,,,,,,,,0.59,2.3000000000000003,4.0,0.77,,Cable,,,,yes
251,AceGamer C16,AceGamer,acegamer-c16,https://gamepadla.com/acegamer-c16.html,251_acegamer-c16.webp,10.5,,,58.57,,,E,,3.7,35.406666666666666,71.74,3.49,,Cable,,,,yes
250,Backbone One v2,Backbone,backbone-one-v2,https://gamepadla.com/backbone-one-v2.html,250_backbone-one-v2.webp,,,,8.79,,,,,4.44,8.79,12.78,2.43,,Cable,,,,yes
249,Nintendo GameCube Controller,Nintendo,nintendo-gamecube-controller,https://gamepadla.com/nintendo-gamecube-controller.html,249_nintendo-gamecube-controller.webp,7.46,,,12.16,,,B,,2.33,9.81,16.02,3.89,,Cable,,,,yes
248,HORI Octa Pro,Hori,hori-octa-pro,https://gamepadla.com/hori-octa-pro.html,248_hori-octa-pro.webp,,,,,,,,,,,,,,,,,,yes
247,Hyperstrike DS4,Hyperstrike,hyperstrike-8k-ds4,https://gamepadla.com/hyperstrike-8k-ds4.html,247_hyperstrike-8k-ds4.webp,1.05,,,0.35,,,A+,,0.02,0.7162499999999999,1.34,0.09,,Cable,,2026-08-20T19:59:46+03:00,,yes
240,Mad Catz Street Fighter V Arcade FightStick Tournament Edition 2+,Mad Catz,mad-catz-street-fighter-v-arcade-fightstick-tournament-edition-2,https://gamepadla.com/mad-catz-street-fighter-v-arcade-fightstick-tournament-edition-2.html,240_mad-catz-street-fighter-v-arcade-fightstick-tournament-edition-2.webp,5.14,,,,,,,,1.9,5.804,17.9,2.99,,Cable,$ 229.90 Discontinued,,verified,yes
239,Haute42 U16,Haute42,haute42-u16,https://gamepadla.com/haute42-u16.html,239_haute42-u16.webp,1.54,,,,,,,,0.5,1.54,3.5,0.52,,Cable,$ 69.99,,,yes
238,COSMOX M Ultra Gen2,Haute42,cosmox-m-ultra-gen2,https://gamepadla.com/cosmox-m-ultra-gen2.html,238_cosmox-m-ultra-gen2.webp,1.53,,,,,,,,0.5,1.53,2.65,0.11,,Cable,$ 149.99,,,yes
234,G7 Pro 8k,GameSir,g7-pro-8k,https://gamepadla.com/g7-pro-8k.html,234_g7-pro-8k.webp,,,,,,,,,1.11,4.848333333333334,20.67,2.36,,,$ 89.99,,tmr,yes
232,FightingBox Mini,FightingBox,fightingbox-mini,https://gamepadla.com/fightingbox-mini.html,232_fightingbox-mini.webp,1.56,,,,,,,,0.5,1.56,3.57,0.46,,Cable,"$ 41.86 , find on: Aliexpress",,,yes
228,Teensy 4.0 XInput Controller,Teensy,teensy-4-0-xinput-controller,https://gamepadla.com/teensy-4-0-xinput-controller.html,228_teensy-4-0-xinput-controller.webp,0.21,,,0.74,,,A+,,0.09,0.5728571428571428,1.48,0.21,Windows,Cable,,2026-03-22T20:02:36+02:00,optional;windows,yes
224,8BitDo Arcade Controller for Xbox,8BitDo,8bitdo-arcade-controller-for-xbox,https://gamepadla.com/8bitdo-arcade-controller-for-xbox.html,224_8bitdo-arcade-controller-for-xbox.webp,4.77,7.27,13.94,,,,,,2.7,8.4775,53.1,7.63,,Cable;Dongle;Bluetooth,$ 99.99,,,yes
223,Azeron Cyborg II,Azeron,azeron-cyborg-ii,https://gamepadla.com/azeron-cyborg-ii.html,223_azeron-cyborg-ii.webp,3.21,,,6.2,,,A+,,1.87,4.705,9.27,0.85,,Cable,,,,yes
222,Furycube M30 HE,Furycube,furycube-m30-he,https://gamepadla.com/furycube-m30-he.html,222_furycube-m30-he.webp,3.16,,,,,,A+,,2.77,3.16,3.8,0.17,,Cable,$ 39.99,,verified,yes
221,Razer Tartarus V2,Razer,razer-tartarus-v2,https://gamepadla.com/razer-tartarus-v2.html,221_razer-tartarus-v2.webp,14.44,,,,,,B,,13.58,14.44,15.4,0.43,,Cable,"$ 79.99 , find on: Amazon",,verified,yes
210,GameCube Controller Super Smash Bros,Nintendo,gamecube-controller-super-smash-bros,https://gamepadla.com/gamecube-controller-super-smash-bros.html,210_gamecube-controller-super-smash-bros.webp,3.08,,,7.48,,,A,,2.51,5.28,9.14,0.59,Switch;Windows,Cable,$ 124.99,,potentiometers;switch;windows,yes
208,Machenike G6 Pro V2,Machenike,machenike-g6-pro-v2,https://gamepadla.com/machenike-g6-pro-v2.html,208_machenike-g6-pro-v2.webp,6.12,14.12,20.88,10.76,33.16,66.9,A,D,3.52,25.323333333333334,84.52,4.57,Windows,Cable;Dongle;Bluetooth,,,windows,yes
202,LeadJoy Blade Plus,LeadJoy,leadjoy-blade-plus,https://gamepadla.com/leadjoy-blade-plus.html,202_leadjoy-blade-plus.webp,5.03,,13.82,,,,,,2.66,9.425,34.22,4.78,Android;iOS;Linux;Switch;Windows,Cable;Bluetooth,"$ 39.99 , find on: Amazon",,android;hall;ios;linux;macos;switch;windows,yes
203,Allone PS5 Controller,Allone,allone-ps5-controller,https://gamepadla.com/allone-ps5-controller.html,203_allone-ps5-controller.webp,13.31,19.02,,,,,,,10.05,16.165,24.09,2.14,,Cable;Dongle,,,,yes
197,Sony Dualshock 2,Sony,sony-dualshock-2,https://gamepadla.com/sony-dualshock-2.html,197_sony-dualshock-2.webp,16.19,,,18.2,,,C,,8.71,17.195,23.26,4.66,,Cable,$ 29.99 Discontinued,,potentiometers;symmetric,yes
195,Hyperkin Competitor,Hyperkin,hyperkin-competitor,https://gamepadla.com/hyperkin-competitor.html,195_hyperkin-competitor.webp,4.95,,,6.08,,,A,,2.35,5.515000000000001,8.17,1.28,Windows;Xbox One;Xbox S/X,Cable,"$ 49.99 , find on: Amazon",,hall;symmetric;windows;xbox_one;xbox_series,yes
189,MH4-JDM05X,Marius Heier,marius-heier-jdm-5x-board,https://gamepadla.com/marius-heier-jdm-5x-board.html,189_marius-heier-jdm-5x-board.webp,1.43,,,1.63,,,A+,,0.51,3.05,13.05,1.17,Windows,Cable,"$ 96.80 , find on: lectronz.com",2025-12-15T12:14:57+02:00,symmetric;windows,yes
182,Logitech MX Keys S,Logitech,logitech-mx-keys-s,https://gamepadla.com/logitech-mx-keys-s.html,182_logitech-mx-keys-s.webp,,21.51,22.47,,,,,D,9.92,21.990000000000002,33.99,6.35,,Dongle;Bluetooth,,,,yes
171,Stealth Pivot,Turtle Beach,turtle-beach-stealth-pivot,https://gamepadla.com/turtle-beach-stealth-pivot.html,171_turtle-beach-stealth-pivot.webp,4.43,7.17,14.73,32.51,36.02,44.06,C,D,2.52,23.153333333333336,58.86,5.07,Android;Linux;Windows;Xbox One;Xbox S/X,Cable;Dongle;Bluetooth,"$ 139.99 , find on: Amazon",2025-12-14T17:11:39+02:00,android;display;hall;linux;verified;windows;xbox_one;xbox_series,yes
169,EasySMX D10,EasySMX,easysmx-d10,https://gamepadla.com/easysmx-d10.html,169_easysmx-d10.webp,8.33,17.55,18.22,3.9,16.33,85.85,A,C,2.98,25.059375,96.48,7.51,Android;iOS;Linux;Switch;Windows,Cable;Dongle;Bluetooth,"$ 49.99 , find on: Amazon , Aliexpress",2025-12-15T12:12:25+02:00,android;ios;linux;macos;switch;tmr;verified;windows,yes
166,Aolion K20,Aolion,aolion-k20,https://gamepadla.com/aolion-k20.html,166_aolion-k20.webp,,,,,,,,,0.12,5.8100000000000005,45.0,6.53,Android;iOS;Switch;Windows,,$ 29.99,2025-08-07T00:41:55+03:00,android;hall;ios;switch;windows,yes
160,Palmlab M.001,Palmlab,palmlab-m-001,https://gamepadla.com/palmlab-m-001.html,160_palmlab-m-001.webp,3.85,14.46,39.56,,,,,,1.65,20.118571428571432,110.9,19.81,Android;iOS;Linux;Switch;Windows,Cable;Dongle;Bluetooth,"$ 39.90 , find on: Amazon",,android;hall;ios;linux;macos;switch;verified;windows,yes
154,Rexus Asta GX150,Rexus,rexus-asta-gx150,https://gamepadla.com/rexus-asta-gx150.html,154_rexus-asta-gx150.webp,,,,,,,,,0.51,2.42,8.82,0.18,Android;Switch;Windows,,$ 19.99,2026-08-16T17:50:53+03:00,android;hall;ps3;switch;windows,yes
155,Beitong Kunpeng 50 v2,Beitong,beitong-kunpeng-50,https://gamepadla.com/beitong-kunpeng-50.html,155_beitong-kunpeng-50.webp,,,,,,,,,74.74,78.925,83.65,1.92,Android;Switch;Windows,,"$ 89.99 , find on: MiniXPC",,android;hall;switch;windows,yes
151,EasySMX D05,EasySMX,easysmx-d05,https://gamepadla.com/easysmx-d05.html,151_easysmx-d05.webp,,,,,,,,,0.89,4.586666666666667,33.8,3.24,Android;iOS;Linux;Switch;Windows,,"Price range: $ 32.99 – $ 44.99 , find on: Amazon , Aliexpress",2025-12-16T11:58:50+02:00,android;hall;ios;linux;switch;windows,yes
152,Machenike G6,Machenike,machenike-g6,https://gamepadla.com/machenike-g6.html,152_machenike-g6.webp,,,,,,,,,0.96,7.760000000000001,55.07,7.96,Windows,,$ 45.92,,windows,yes
150,Mobapad Huben M9w,Mobapad,mobapad-huben-m9w,https://gamepadla.com/mobapad-huben-m9w.html,150_mobapad-huben-m9w.webp,8.88,,,,,,,,6.07,8.88,12.83,1.33,Android;iOS;PC;Switch,Cable,,,android;cable;gpdl;hall;ios;macos;nfc;pc;switch;wired,yes
149,Zd O+,ZD,zd-o,https://gamepadla.com/zd-o.html,149_zd-o.webp,25.28,14.42,25.23,,,,,,0.75,12.194285714285714,42.24,4.89,Windows,Cable;Dongle;Bluetooth,$ 89.99 Discontinued,,windows,yes
112,Lenovo S03,Lenovo,lenovo-s03,https://gamepadla.com/lenovo-s03.html,112_lenovo-s03.webp,4.65,15.95,25.21,,,,,,2.13,15.270000000000001,70.46,8.29,Android;iOS;Linux;Switch;Windows,Cable;Dongle;Bluetooth,$ 99.99,,android;ios;linux;macos;potentiometers;ps3;switch;windows,yes
147,Rexus Daxa Borion AX8,Rexus,rexus-daxa-borion-ax8,https://gamepadla.com/rexus-daxa-borion-ax8.html,147_rexus-daxa-borion-ax8.webp,,,,,,,,,0.71,3.688333333333333,22.94,4.34,Android;iOS;Switch;Windows,,$ 35.99,,android;hall;ios;switch;windows,yes
94,Thunderobot G80,Thunderobot,thunderobot-g80,https://gamepadla.com/thunderobot-g80.html,94_thunderobot-g80.webp,5.64,,,,,,,,2.91,5.949999999999999,9.19,1.48,Android;iOS;Switch;Windows,Cable,"Price range: $ 69.99 – $ 73.99 , find on: Aliexpress",2026-01-09T04:15:28+02:00,android;hall;ios;switch;windows,yes
111,Anbernic RG P01,Anbernic,anbernic-rg-p01,https://gamepadla.com/anbernic-rg-p01.html,111_anbernic-rg-p01.webp,7.41,12.97,16.23,,,,,,1.98,13.463333333333333,40.93,5.91,Android;iOS;Linux;Switch;Windows,Cable;Dongle;Bluetooth,"$ 29.99 , find on: Amazon",,android;hall;ios;linux;macos;switch;windows,yes
109,PowerA Fortnite SE Xbox Series X|S,Microsoft,powera-fortnite-se-xbox-series-xs,https://gamepadla.com/powera-fortnite-se-xbox-series-xs.html,109_powera-fortnite-se-xbox-series-xs.webp,6.05,9.24,,,,,,,2.5,4.055,8.51,0.7,Windows;Xbox One;Xbox S/X,Cable;Dongle,"$ 79.99 , find on: Amazon",,hall;windows;xbox_one;xbox_series,yes
104,PowerA FUSION Pro Wireless Controller for Xbox,PowerA,powera-fusion-pro-wireless-controller-for-xbox,https://gamepadla.com/powera-fusion-pro-wireless-controller-for-xbox.html,104_powera-fusion-pro-wireless-controller-for-xbox.webp,4.82,6.85,,,,,,,2.42,5.835,10.85,1.41,Windows;Xbox One;Xbox S/X,Cable;Dongle,"Price range: $ 103.99 – $ 149.90 , find on: Amazon",,hall;windows;xbox_one;xbox_series,yes
142,Fantech WGP13s,Fantech,fantech-wgp13s,https://gamepadla.com/fantech-wgp13s.html,142_fantech-wgp13s.webp,,,,,,,,,0.93,4.5025,8.05,0.09,Android;Switch;Windows,,$ 25.55,2026-01-30T20:10:20+02:00,android;hall;ps3;switch;windows,yes
106,Gulikit KK3,Gulikit,gulikit-kk3,https://gamepadla.com/gulikit-kk3.html,106_gulikit-kk3.webp,7.95,,24.9,,,,,,3.28,18.301666666666666,94.59,13.41,Android;iOS;Linux;Switch;Windows,Cable;Bluetooth,"Price range: $ 33.99 – $ 39.99 , find on: Amazon , Aliexpress",,android;ios;linux;macos;switch;windows,yes
97,ZD S Super Legend,ZD,zd-s-super-legend,https://gamepadla.com/zd-s-super-legend.html,97_zd-s-super-legend.webp,11.46,,,,,,,,6.02,11.46,18.2,3.07,Android;iOS;Linux;Switch;Windows,Cable,$ 54.07,,android;hall;ios;linux;macos;ps3;switch;windows,yes
130,8BitDo Ultimate 2C Wired Controller,8BitDo,8bitdo-ultimate-2c-wired-controller,https://gamepadla.com/8bitdo-ultimate-2c-wired-controller.html,130_8bitdo-ultimate-2c-wired-controller.webp,,,,,,,,,1.0,1.01,2.0,0.12,Android;Windows,,"$ 19.99 , find on: Amazon , Aliexpress",2026-04-11T21:43:11+03:00,android;hall;windows,yes
76,Vilcorn Z03,Vilcorn,vilcorn-z03,https://gamepadla.com/vilcorn-z03.html,76_vilcorn-z03.webp,,,,,,,,,17.7,33.534,62.03,5.96,Android;iOS;Playstation 4;Switch;Windows,,"Price range: $ 13.91 – $ 22.19 , find on: Aliexpress",2025-12-14T17:16:47+02:00,android;hall;ios;ps3;ps4;switch;windows,yes
71,Fantech Nova Pro WGP14v2,Fantech,fantech-nova-pro-wgp14v2,https://gamepadla.com/fantech-nova-pro-wgp14v2.html,71_fantech-nova-pro-wgp14v2.webp,5.64,,8.44,,,,,,2.18,6.6066666666666665,30.43,4.8,Android;iOS;Linux;Playstation 4;Switch;Windows,Cable;Bluetooth,"$ 49.89 , find on: Aliexpress",,android;hall;ios;linux;macos;ps3;ps4;switch;symmetric;verified;windows,yes
79,Aolion K10,Aolion,aolion-k10,https://gamepadla.com/aolion-k10.html,79_aolion-k10.webp,2.7,12.73,21.96,,,,,,1.75,15.8525,61.35,8.12,Android;iOS;Linux;Switch;Windows,Cable;Dongle;Bluetooth,"Price range: $ 29.39 – $ 52.99 , find on: Aliexpress",,android;hall;ios;linux;switch;windows,yes
125,BEITONG Kunpeng 40,Beitong,beitong-kunpeng-40,https://gamepadla.com/beitong-kunpeng-40.html,125_beitong-kunpeng-40.webp,,,,,,,,,0.47,1.2149999999999999,6.49,0.97,Android;Switch;Windows,,"Price range: $ 56.47 – $ 79.99 , find on: MiniXPC , Amazon , Aliexpress",,android;switch;tmr;windows,yes
61,EasySMX X05,EasySMX,easysmx-x05,https://gamepadla.com/easysmx-x05.html,61_easysmx-x05.webp,3.82,12.98,17.18,,,,,,1.39,13.263333333333334,47.73,8.08,Android;iOS;Linux;Switch;Windows,Cable;Dongle;Bluetooth,"Price range: $ 14.22 – $ 24.99 , find on: Aliexpress",2025-12-25T00:44:10+02:00,android;hall;ios;linux;macos;switch;verified;windows,yes
145,Hexgaming Phantom,Hexgaming,hexgaming-phantom,https://gamepadla.com/hexgaming-phantom.html,145_hexgaming-phantom.webp,8.11,,8.26,25.27,,23.95,C,C,3.83,12.562857142857142,40.03,6.74,Android;iOS;Linux;Playstation 5;Windows,Cable;Bluetooth,"$ 249.99 , find on: Amazon",,android;hall;ios;linux;macos;ps5;symmetric;windows,yes
62,GameSir K1 Kaleid for Xbox,Microsoft,gamesir-k1-for-xbox,https://gamepadla.com/gamesir-k1-for-xbox.html,62_gamesir-k1-for-xbox.webp,4.61,,,,,,,,0.51,7.91,29.66,1.81,Windows;Xbox One;Xbox S/X,Cable,"$ 42.99 , find on: Amazon , Aliexpress",,hall;verified;windows;xbox_one;xbox_series,yes
58,Datafrog S80,Datafrog,datafrog-s80,https://gamepadla.com/datafrog-s80.html,58_datafrog-s80.webp,17.37,,18.07,,,,,,10.31,17.72,38.51,4.8,Android;iOS;Linux;Switch;Windows,Cable;Bluetooth,"$ 18.83 , find on: Aliexpress",,android;ios;linux;potentiometers;switch;windows,yes
65,GuliKit KK3 Pro,Gulikit,gulikit-kk3-pro,https://gamepadla.com/gulikit-kk3-pro.html,65_gulikit-kk3-pro.webp,3.0,19.64,21.53,,,,,,1.47,34.30166666666667,134.2,31.71,Android;iOS;Linux;Switch;Windows,Cable;Dongle;Bluetooth,"Price range: $ 50.10 – $ 69.99 , find on: Aliexpress , Amazon",,android;hall;ios;linux;macos;switch;verified;windows,yes
128,Cosmic Byte Stellaris,Cosmic,cosmic-byte-stellaris,https://gamepadla.com/cosmic-byte-stellaris.html,128_cosmic-byte-stellaris.webp,,,,,,,,,0.97,4.8825,22.99,4.18,Android;iOS;Linux;Switch;Windows,,$ 36.99,,android;hall;ios;linux;macos;switch;windows,yes
88,Ryunix G80,Ryunix,ryunix-g80,https://gamepadla.com/ryunix-g80.html,88_ryunix-g80.webp,,,,,,,,,0.5,5.252000000000001,12.66,1.69,Android;Switch;Windows,,$ 26.99,,android;hall;ps3;switch;windows,yes
64,8BitDo Ultimate C Wired for Xbox,8BitDo,8bitdo-ultimate-c-wired-controller-for-xbox,https://gamepadla.com/8bitdo-ultimate-c-wired-controller-for-xbox.html,64_8bitdo-ultimate-c-wired-controller-for-xbox.webp,7.83,,,,,,,,5.31,7.83,10.77,1.3,Linux;Windows;Xbox One;Xbox S/X,Cable,"Price range: $ 34.99 – $ 42.74 , find on: Amazon",,hall;linux;windows;xbox_one;xbox_series,yes
60,BigBig Won Gale Hall,Mojhon,bigbig-won-gale-hall,https://gamepadla.com/bigbig-won-gale-hall.html,60_bigbig-won-gale-hall.webp,5.71,11.93,28.24,8.07,15.28,74.31,A,B,0.91,14.252,84.21,4.59,Android;iOS;Switch;Windows,Cable;Dongle;Bluetooth,"Price range: $ 40.21 – $ 59.99 , find on: Amazon , Aliexpress",2025-12-19T18:35:54+02:00,android;hall;ios;macos;switch;verified;windows,yes
70,Thunderobot G50S,Thunderobot,thunderobot-g50s,https://gamepadla.com/thunderobot-g50s.html,70_thunderobot-g50s.webp,6.83,11.91,14.28,,,,,,0.28,12.807500000000001,48.54,8.73,Android;iOS;Linux;Switch;Windows,Cable;Dongle;Bluetooth,"Price range: $ 25.23 – $ 45.99 , find on: Amazon",2025-12-19T06:25:08+02:00,android;hall;ios;linux;switch;verified;windows,yes
54,Fantech EOS Pro WGP15,Fantech,fantech-eos-pro-wgp15,https://gamepadla.com/fantech-eos-pro-wgp15.html,54_fantech-eos-pro-wgp15.webp,4.03,14.28,20.28,,,,,,3.06,14.843333333333334,36.14,3.92,Android;iOS;Linux;PC;Switch,Cable;Dongle;Bluetooth,"Price range: $ 43.90 – $ 48.80 , find on: Aliexpress",2025-12-17T20:17:42+02:00,android;gpdl;hall;ios;linux;macos;pc;switch;verified;wired,yes
93,Thrustmaster ESWAP X2,Thrustmaster,thrustmaster-eswap-x2,https://gamepadla.com/thrustmaster-eswap-x2.html,93_thrustmaster-eswap-x2.webp,4.42,,,,,,,,1.32,3.6999999999999997,7.46,1.36,Windows;Xbox One;Xbox S/X,Cable,$ 169.99,,potentiometers;windows;xbox_one;xbox_series,yes
57,Gamesir Nova,Gamesir,gamesir-nova,https://gamepadla.com/gamesir-nova.html,57_gamesir-nova.webp,7.67,22.6,22.04,,,,,,2.66,18.08625,62.2,10.32,Android;iOS;Linux;Switch;Windows,Cable;Dongle;Bluetooth,"$ 24.87 , find on: Amazon",2025-12-15T20:56:22+02:00,android;hall;ios;linux;macos;switch;verified;windows,yes
56,GameSir Nova Lite,Gamesir,gamesir-nova-lite,https://gamepadla.com/gamesir-nova-lite.html,56_gamesir-nova-lite.webp,3.81,16.68,17.67,,,,,,2.5,12.712307692307691,27.76,4.84,Android;iOS;Linux;Switch;Windows,Cable;Dongle;Bluetooth,"Price range: $ 19.54 – $ 24.99 , find on: Amazon",2025-12-14T17:10:18+02:00,android;hall;ios;linux;macos;switch;verified;windows,yes
100,Machenike G6 Pro,Machenike,machenike-g6-pro-100,https://gamepadla.com/machenike-g6-pro-100.html,100_machenike-g6-pro-100.webp,5.24,,,,,,,,2.49,5.24,8.45,1.47,Android;iOS;Linux;Switch;Windows,Cable,"$ 59.99 , find on: Aliexpress",2025-10-15T15:32:18+03:00,android;hall;ios;linux;macos;switch;windows,yes
102,BEITONG Asura 2 Pro Plus NearLink,Beitong,beitong-asura-2-pro-plus-nearlink,https://gamepadla.com/beitong-asura-2-pro-plus-nearlink.html,102_beitong-asura-2-pro-plus-nearlink.webp,14.27,22.22,,,,,,,5.68,17.465,30.45,4.12,Android;iOS;Linux;Switch;Windows,Cable;Dongle,"$ 89.99 , find on: Amazon , Aliexpress",,android;hall;ios;linux;switch;verified;windows,yes
81,EasySMX X15,EasySMX,easysmx-x15,https://gamepadla.com/easysmx-x15.html,81_easysmx-x15.webp,2.02,12.07,21.3,,,,,,2.21,17.735555555555557,61.07,9.01,Android;iOS;Linux;Switch;Windows,Cable;Dongle;Bluetooth,"Price range: $ 23.62 – $ 39.99 , find on: Amazon , Aliexpress",2025-12-15T20:26:33+02:00,android;hall;ios;linux;macos;switch;verified;windows,yes
39,ThundeRobot G45 Pro,ThundeRobot,thunderobot-g45-pro,https://gamepadla.com/thunderobot-g45-pro.html,39_thunderobot-g45-pro.webp,3.99,14.31,22.63,,,,,,2.72,17.604,73.37,8.36,Android;iOS;Windows,Cable;Dongle;Bluetooth,"Price range: $ 27.99 – $ 46.99 , find on: Aliexpress",,android;hall;ios;nfc;verified;windows,yes
87,BigBig Won Rainbow 2 SE,Mojhon,rainbow-2-se,https://gamepadla.com/rainbow-2-se.html,87_rainbow-2-se.webp,5.75,12.35,,5.31,12.45,,A,B,4.14,8.52,21.36,2.5,Switch;Windows,Cable;Dongle,"Price range: $ 45.99 – $ 56.99 , find on: Aliexpress , Amazon",,potentiometers;switch;verified;windows,yes
74,EasySMX X10,EasySMX,easysmx-x10,https://gamepadla.com/easysmx-x10.html,74_easysmx-x10.webp,3.89,14.76,25.32,,,,,,1.39,23.152142857142856,54.64,7.27,Android;iOS;Linux;Switch;Windows,Cable;Dongle;Bluetooth,"Price range: $ 34.08 – $ 49.99 , find on: Amazon , Aliexpress",2025-12-15T17:07:12+02:00,android;hall;ios;linux;macos;switch;verified;windows,yes
37,Flydigi Direwolf 2,Flydigi,flydigi-direwolf-2,https://gamepadla.com/flydigi-direwolf-2.html,37_flydigi-direwolf-2.webp,8.43,13.09,19.98,,,,,,2.95,16.024545454545457,59.33,12.66,Switch;Windows,Cable;Dongle;Bluetooth,"Price range: $ 33.99 – $ 49.99 , find on: Amazon , Aliexpress",2026-02-05T23:26:15+02:00,switch;verified;windows,yes
47,Machenike G5 Pro,Machenike,machenike-g5-pro,https://gamepadla.com/machenike-g5-pro.html,47_machenike-g5-pro.webp,10.98,19.52,29.37,,,,,,3.69,21.354000000000003,42.93,6.19,Android;iOS;Linux;Switch;Windows,Cable;Dongle;Bluetooth,"Price range: $ 34.38 – $ 65.99 , find on: Amazon , Aliexpress",,android;hall;ios;linux;macos;switch;verified;windows,yes
140,Flydigi Vader 3,Flydigi,flydigi-vader-3,https://gamepadla.com/flydigi-vader-3.html,140_flydigi-vader-3.webp,10.25,,,,,,,,5.32,10.25,16.08,2.87,Android;iOS;Switch;Windows,Cable,$ 45.00,,android;ios;potentiometers;switch;windows,yes
127,Machenike G5 Pro Max,Machenike,machenike-g5-pro-max,https://gamepadla.com/machenike-g5-pro-max.html,127_machenike-g5-pro-max.webp,,,,,,,,,0.77,7.335,51.77,7.98,Android;iOS;Switch;Windows,,"$ 45.99 , find on: Amazon , Aliexpress",,android;hall;ios;macos;switch;windows,yes
91,EasySMX 9013 Pro,EasySMX,easysmx-9013-pro,https://gamepadla.com/easysmx-9013-pro.html,91_easysmx-9013-pro.webp,13.5,21.1,29.86,,,,,,5.7,19.764,44.42,5.8,Android;iOS;Switch;Windows,Cable;Dongle;Bluetooth,"Price range: $ 17.99 – $ 19.99 , find on: Amazon , Aliexpress",,android;ios;ps3;switch;verified;windows,yes
28,GameSir T4 Cyclone Pro,Gamesir,gamesir-t4-cyclone-pro,https://gamepadla.com/gamesir-t4-cyclone-pro.html,28_gamesir-t4-cyclone-pro.webp,4.94,14.41,26.13,,,,,,2.28,14.478,43.85,5.34,Android;iOS;Linux;Switch;Windows,Cable;Dongle;Bluetooth,"Price range: $ 39.99 – $ 49.99 , find on: Amazon , Aliexpress",,android;hall;ios;linux;macos;switch;verified;windows,yes
115,Nacon Revolution 5 Pro,Nacon,nacon-revolution-5-pro,https://gamepadla.com/nacon-revolution-5-pro.html,115_nacon-revolution-5-pro.webp,8.08,8.39,,,,,,,5.68,9.200000000000001,13.42,1.27,Playstation 4;Playstation 5;Windows,Cable;Dongle,"$ 180.99 , find on: Amazon",2025-12-26T13:43:44+02:00,hall;ps4;ps5;verified;windows,yes
30,GameSir T4 Cyclone,Gamesir,gamesir-t4-cyclone,https://gamepadla.com/gamesir-t4-cyclone.html,30_gamesir-t4-cyclone.webp,6.8,12.71,25.91,46.13,68.6,,D,F,1.0,16.234166666666667,81.72,6.28,Android;iOS;Linux;Switch;Windows,Cable;Dongle;Bluetooth,"Price range: $ 29.99 – $ 39.99 , find on: Amazon",2026-06-18T05:53:45+03:00,android;hall;ios;linux;macos;switch;verified;windows,yes
46,BINBOK Ultra Pro Controller,Binbok,binbok-ultra-pro-controller-sw41,https://gamepadla.com/binbok-ultra-pro-controller-sw41.html,46_binbok-ultra-pro-controller-sw41.webp,,,,,,,,,0.96,4.87,24.86,5.89,Android;iOS;Linux;Switch;Windows,,"Price range: $ 46.99 – $ 56.99 , find on: Amazon",,android;hall;ios;linux;macos;switch;windows,yes
49,QRD Spark N5,QRD,qrd-spark-n5,https://gamepadla.com/qrd-spark-n5.html,49_qrd-spark-n5.webp,,,,,,,,,2.0,4.69,28.01,2.87,Android;iOS;Linux;Playstation 4;Playstation 5;Switch;Windows,,Price range: $ 48.99 – $ 59.99,2026-06-28T08:50:20+03:00,android;hall;ios;linux;macos;ps3;ps4;ps5;switch;symmetric;windows,yes
19,Flydigi APEX 2,Flydigi,flydigi-apex-series-2,https://gamepadla.com/flydigi-apex-series-2.html,19_flydigi-apex-series-2.webp,,,,,,,,,6.83,11.166666666666666,23.04,3.98,Android;Linux;Windows,,Price range: $ 87.30 – $ 99.30 Discontinued,,android;linux;potentiometers;windows,yes
63,BEITONG BTP-C3,Beitong,beitong-btp-c3,https://gamepadla.com/beitong-btp-c3.html,63_beitong-btp-c3.webp,4.53,,,,,,,,3.02,4.53,6.44,0.76,Windows,Cable,"Price range: $ 22.09 – $ 44.99 , find on: Aliexpress",,windows,yes
33,8Bitdo Ultimate C Wired Controller,8bitDo,8bitdo-ultimate-c-wired-controller,https://gamepadla.com/8bitdo-ultimate-c-wired-controller.html,33_8bitdo-ultimate-c-wired-controller.webp,6.67,,,,,,,,3.16,6.67,10.9,1.78,Android;Linux;Windows,Cable,"Price range: $ 12.66 – $ 19.99 , find on: Amazon , Aliexpress",,android;linux;verified;windows,yes
139,Fantech Nova WGP14,Fantech,fantech-nova-wgp14,https://gamepadla.com/fantech-nova-wgp14.html,139_fantech-nova-wgp14.webp,,,,,,,,,1.0,4.42,12.44,2.76,Android;iOS;Playstation 4;Windows,,"$ 39.99 , find on: Aliexpress",2026-04-03T01:02:40+03:00,android;hall;ios;ps3;ps4;symmetric;windows,yes
40,8Bitdo Ultimate C 2.4G Wireless Controller,8bitDo,8bitdo-ultimate-c-2-4g-wireless-controller,https://gamepadla.com/8bitdo-ultimate-c-2-4g-wireless-controller.html,40_8bitdo-ultimate-c-2-4g-wireless-controller.webp,,,,,,,,,0.5,6.171428571428572,14.01,1.24,Windows,,"Price range: $ 22.18 – $ 29.99 , find on: Amazon",,windows,yes
32,Trust GXT 541 Muta,Trust,trust-gxt-541-muta,https://gamepadla.com/trust-gxt-541-muta.html,32_trust-gxt-541-muta.webp,6.87,,,,,,,,2.1,6.87,12.3,2.51,Windows,Cable,Price range: $ 15.27 – $ 30.58,,potentiometers;symmetric;verified;windows,yes
20,GameSir T4 Kaleid,GameSir,gamesir-t4-kaleid,https://gamepadla.com/gamesir-t4-kaleid.html,20_gamesir-t4-kaleid.webp,2.61,,,8.49,,,A,,0.92,12.908888888888889,42.39,2.28,Android;Linux;Switch;Windows,Cable,Price range: $ 34.08 – $ 41.99 Discontinued,,android;hall;linux;switch;verified;windows,yes
95,Cosmic Byte Blitz,Cosmic,cosmic-byte-blitz,https://gamepadla.com/cosmic-byte-blitz.html,95_cosmic-byte-blitz.webp,,,,,,,,,0.91,1.4100000000000001,9.69,1.72,Android;Windows,,Price range: $ 27.99 – $ 32.99,2026-04-27T17:51:13+03:00,android;hall;windows,yes
85,BEITONG Asura 2 Pro Plus,Beitong,beitong-asura-2-pro-plus,https://gamepadla.com/beitong-asura-2-pro-plus.html,85_beitong-asura-2-pro-plus.webp,19.43,21.94,,,,,,,5.84,19.0375,34.38,7.23,Windows,Cable;Dongle,"Price range: $ 29.99 – $ 59.99 , find on: Amazon , Aliexpress",,hall;windows,yes
29,Asus ROG Raikiri Pro,Asus,asus-rog-raikiri-pro,https://gamepadla.com/asus-rog-raikiri-pro.html,29_asus-rog-raikiri-pro.webp,6.35,7.1,11.38,,,,,,2.52,7.4675,19.77,3.25,Android;Linux;Windows;Xbox One;Xbox S/X,Cable;Dongle;Bluetooth,"Price range: $ 109.99 – $ 169.99 , find on: Amazon",2025-12-15T20:36:04+02:00,android;linux;potentiometers;verified;windows;xbox_one;xbox_series,yes
52,SCUF Envision Pro,Scuf,scuf-envision-pro,https://gamepadla.com/scuf-envision-pro.html,52_scuf-envision-pro.webp,3.7,6.19,,5.49,,,A,,1.8,5.126666666666667,9.37,1.2,Windows,Cable;Dongle,"Price range: $ 162.25 – $ 179.99 , find on: Amazon",2025-12-19T12:14:18+02:00,symmetric;windows,yes
138,Flydigi Direwolf,Flydigi,flydigi-direwolf,https://gamepadla.com/flydigi-direwolf.html,138_flydigi-direwolf.webp,,,,,,,,,7.45,10.03,16.57,3.52,Android;iOS;Linux;Switch;Windows,,$ 27.19,,android;ios;linux;switch;windows,yes
53,8BitDo Ultimate 2.4G,8BitDo,8bitdo-ultimate-2-4g,https://gamepadla.com/8bitdo-ultimate-2-4g.html,53_8bitdo-ultimate-2-4g.webp,2.1,10.74,30.23,2.73,12.45,,A+,B,0.93,9.322857142857144,41.58,4.87,Android;iOS;Linux;Windows,Cable;Dongle;Bluetooth,"Price range: $ 33.99 – $ 49.99 , find on: Amazon",2026-03-21T19:04:50+02:00,android;hall;ios;linux;macos;verified;windows,yes
50,Flydigi Apex 3,Flydigi,flydigi-apex-3,https://gamepadla.com/flydigi-apex-3.html,50_flydigi-apex-3.webp,,,,,,,,,0.91,8.9025,23.2,5.9,Android;iOS;Switch;Windows,,"Price range: $ 86.99 – $ 119.99 , find on: Aliexpress",,android;ios;potentiometers;switch;windows,yes
38,GameSir T3s,Gamesir,gamesir-t3s,https://gamepadla.com/gamesir-t3s.html,38_gamesir-t3s.webp,,,,,,,,,3.0,12.113333333333335,47.21,4.34,Android;iOS;Linux;Switch;Windows,,"Price range: $ 25.99 – $ 30.99 , find on: Amazon",2025-08-18T11:58:27+03:00,android;ios;linux;potentiometers;switch;symmetric;windows,yes
25,ThundeRobot G25,ThundeRobot,thunderobot-g25,https://gamepadla.com/thunderobot-g25.html,25_thunderobot-g25.webp,,,,,,,,,3.0,6.915,37.54,5.47,Android;iOS;Linux;Switch;Windows,,Price range: $ 33.42 – $ 39.99,,android;ios;linux;macos;potentiometers;ps3;switch;windows,yes
110,Turtle Beach Recon Cloud,Turtle Beach,turtle-beach-recon-cloud,https://gamepadla.com/turtle-beach-recon-cloud.html,110_turtle-beach-recon-cloud.webp,4.18,,10.95,,,,,,1.38,7.5649999999999995,16.61,2.37,Android;Windows;Xbox One;Xbox S/X,Cable;Bluetooth,"Price range: $ 53.99 – $ 79.99 , find on: Aliexpress , Amazon",,android;potentiometers;windows;xbox_one;xbox_series,yes
27,8BitDo Ultimate Wired Controller for Xbox,8BitDo,8bitdo-ultimate-wired-controller,https://gamepadla.com/8bitdo-ultimate-wired-controller.html,27_8bitdo-ultimate-wired-controller.webp,5.2,,,,,,,,3.16,5.2,7.41,1.17,Android;Linux;Windows;Xbox One;Xbox S/X,Cable,"Price range: $ 25.32 – $ 44.99 , find on: Amazon",2025-12-15T23:23:42+02:00,android;hall;linux;verified;windows;xbox_one;xbox_series,yes
8,Gulikit KingKong 2 Pro,Gulikit,gulikit-ns09,https://gamepadla.com/gulikit-ns09.html,8_gulikit-ns09.webp,18.0,,27.09,25.27,,,C,,3.9,19.8625,51.26,6.34,Android;iOS;Linux;Switch;Windows,Cable;Bluetooth,Price range: $ 55.41 – $ 69.70 Discontinued,2025-12-15T11:28:23+02:00,android;hall;ios;linux;nfc;switch;verified;windows,yes
41,8BitDo Pro 2 Wired Controller for Xbox,8bitDo,8bitdo-pro-2-wired-controller-for-xbox,https://gamepadla.com/8bitdo-pro-2-wired-controller-for-xbox.html,41_8bitdo-pro-2-wired-controller-for-xbox.webp,5.34,,,,,,,,0.51,3.235,8.77,1.59,Windows;Xbox One;Xbox S/X,Cable,"Price range: $ 33.50 – $ 44.99 , find on: Amazon , Aliexpress",2026-01-14T17:33:04+02:00,symmetric;windows;xbox_one;xbox_series,yes
34,8BitDo Pro 2 Wired Controller,8bitDo,8bitdo-pro-2-wired-controller,https://gamepadla.com/8bitdo-pro-2-wired-controller.html,34_8bitdo-pro-2-wired-controller.webp,,,,,,,,,3.02,7.2250000000000005,39.86,2.57,Switch;Windows,,"Price range: $ 22.76 – $ 34.99 , find on: Amazon , Aliexpress",,switch;symmetric;windows,yes
51,Thrustmaster ESWAP XR PRO,Thrustmaster,thrustmaster-eswap-xr-pro,https://gamepadla.com/thrustmaster-eswap-xr-pro.html,51_thrustmaster-eswap-xr-pro.webp,5.94,,,,,,,,1.96,5.561999999999999,11.17,1.45,Windows;Xbox One;Xbox S/X,Cable,"Price range: $ 159.99 – $ 179.99 , find on: Amazon",,windows;xbox_one;xbox_series,yes
9,8bitDo Pro 2,8BitDo,8bitdo-pro-2,https://gamepadla.com/8bitdo-pro-2.html,9_8bitdo-pro-2.webp,13.21,17.2,19.63,,,26.76,,D,4.58,22.404,84.35,9.28,Android;Linux;Switch;Windows,Cable;Dongle;Bluetooth,"Price range: $ 39.99 – $ 49.99 , find on: Aliexpress , Amazon Discontinued",2023-08-07T11:07:15+03:00,android;linux;macos;potentiometers;switch;symmetric;verified;windows,yes
7,Gulikit NS08,Gulikit,gulikit-ns08,https://gamepadla.com/gulikit-ns08.html,7_gulikit-ns08.webp,,,71.49,,,,,,0.5,59.459999999999994,149.58,50.7,Android;Switch;Windows,Bluetooth,Price range: $ 29.99 – $ 36.99 Discontinued,2026-03-17T16:36:48+02:00,android;hall;switch;windows,yes
31,Canyon CND-GPW3,Canyon,canyon-cnd-gpw3,https://gamepadla.com/canyon-cnd-gpw3.html,31_canyon-cnd-gpw3.webp,,,,,,,,,7.0,9.4,48.0,5.92,Android;iOS;Linux;Switch;Windows,,Price range: $ 27.79 – $ 41.71,,android;ios;linux;macos;potentiometers;ps3;switch;windows,yes
17,Xbox Elite Series 2 Controller,Microsoft,xbox-elite-series-2-controller,https://gamepadla.com/xbox-elite-series-2-controller.html,17_xbox-elite-series-2-controller.webp,7.93,6.61,10.86,13.22,,,B,,4.12,11.136,21.94,5.89,Android;iOS;Linux;Windows;Xbox One;Xbox S/X,Cable;Dongle;Bluetooth,"Price range: $ 139.99 – $ 184.99 , find on: Amazon",,android;ios;linux;macos;potentiometers;verified;windows;xbox_one;xbox_series,yes
141,8BitDo SN30 Pro,8BitDo,8bitdo-sn30-pro,https://gamepadla.com/8bitdo-sn30-pro.html,141_8bitdo-sn30-pro.webp,,,,,,,,,0.84,14.601666666666667,88.0,9.9,Android;iOS;Linux;Switch;Windows,,"$ 39.99 , find on: Amazon , Aliexpress",,android;hall;ios;linux;macos;switch;symmetric;windows,yes
59,Razer Raiju,Razer,razer-raiju,https://gamepadla.com/razer-raiju.html,59_razer-raiju.webp,,,,,,,,,1.14,2.795,5.81,0.88,Linux;Playstation 4;Windows,,$ 99.99 Discontinued,,linux;potentiometers;ps4;symmetric;windows,yes
21,Nintendo Switch Joy-Con,Nintendo,nintendo-switch-joy-con,https://gamepadla.com/nintendo-switch-joy-con.html,21_nintendo-switch-joy-con.webp,,,14.47,,,,,,6.81,14.47,24.33,4.29,Android;iOS;Linux;Switch;Windows,Bluetooth,"Price range: $ 71.04 – $ 82.95 , find on: Amazon",,android;ios;linux;macos;nfc;potentiometers;switch;windows,yes
48,Sony Dualshock 4 v2,Sony,sony-dualshock-4-v2,https://gamepadla.com/sony-dualshock-4-v2.html,48_sony-dualshock-4-v2.webp,10.65,,6.33,10.11,,,B,,2.63,10.5525,20.71,3.26,Android;iOS;Linux;Playstation 4;Windows,Cable;Bluetooth,"Price range: $ 47.99 – $ 66.90 , find on: Amazon",2025-12-17T00:24:58+02:00,android;ios;linux;macos;potentiometers;ps4;symmetric;windows,yes
135,GameSir G4s,Gamesir,gamesir-g4s,https://gamepadla.com/gamesir-g4s.html,135_gamesir-g4s.webp,,,,,,,,,3.96,16.766666666666666,64.03,12.54,Android;iOS;Linux;Windows,,$ 24.99 Discontinued,,android;ios;linux;macos;potentiometers;ps3;windows,yes
13,Xiaomi Mi Game Controller Bluetooth,Xiaomi,xiaomi-mi-game-controller-bluetooth,https://gamepadla.com/xiaomi-mi-game-controller-bluetooth.html,13_xiaomi-mi-game-controller-bluetooth.webp,,,20.5,,,,,,18.48,20.5,40.37,3.19,Android;Windows,Bluetooth,Price range: $ 29.99 – $ 99.99 Discontinued,,android;potentiometers;windows,yes
3,Sony Dualshock 4,Sony,sony-dualshock-4,https://gamepadla.com/sony-dualshock-4.html,3_sony-dualshock-4.webp,10.94,,4.38,10.7,,3.84,B,A,2.28,7.465,20.04,3.21,Android;iOS;Linux;Playstation 4;Playstation 5;Windows,Cable;Bluetooth,"Price range: $ 33.99 – $ 72.99 , find on: Amazon",2023-07-14T15:57:46+03:00,android;ios;linux;macos;potentiometers;ps4;ps5;symmetric;verified;windows,yes
4,Xbox One Controller,Microsoft,xbox-one-controller,https://gamepadla.com/xbox-one-controller.html,4_xbox-one-controller.webp,5.54,5.94,10.23,,,,,,1.45,7.2475000000000005,20.77,3.66,Android;iOS;Linux;Windows;Xbox One;Xbox S/X,Cable;Dongle;Bluetooth,"Price range: $ 43.93 – $ 59.89 , find on: Amazon",2025-12-16T04:37:34+02:00,android;ios;linux;macos;potentiometers;verified;windows;xbox_one;xbox_series,yes
16,Logitech F310,Logitech,logitech-f310,https://gamepadla.com/logitech-f310.html,16_logitech-f310.webp,6.3,,,,,,,,3.54,6.345,9.22,1.34,Android;Linux;Windows,Cable,"Price range: $ 14.99 – $ 29.99 , find on: Amazon",,android;linux;potentiometers;symmetric;verified;windows,yes
24,Xbox 360 controller,Microsoft,xbox-360-controller,https://gamepadla.com/xbox-360-controller.html,24_xbox-360-controller.webp,,9.41,,,11.68,,,B,2.95,8.696666666666667,17.22,2.17,Linux;Windows,Dongle,Price range: $ 45.99 – $ 59.99,,linux;macos;potentiometers;verified;windows,yes
66,Machenike G3s,Machenike,machenike-g3s,https://gamepadla.com/machenike-g3s.html,66_machenike-g3s.webp,4.97,21.6,,,,,,,2.53,13.285,39.09,4.85,Android;iOS;Linux;Switch;Windows,Cable;Dongle,"$ 39.99 , find on: Amazon , Aliexpress",2025-12-15T23:13:10+02:00,android;ios;linux;macos;potentiometers;ps3;switch;symmetric;windows,yes
